2020-2021 NBA Stats | Player Box Score & Advanced Metrics,,,,,,,,,,,,,,,,,,,,,,,,,,,,
RANK,FULL NAME,TEAM,POS,AGE,GP,MPG,MIN%Minutes PercentagePercentage of team minutes used by a player while he was on the floor,"USG%Usage RateUsage rate, a.k.a., usage percentage is an estimate of the percentage of team plays used by a player while he was on the floor",TO%Turnover RateA metric that estimates the number of turnovers a player commits per 100 possessions,FTA,FT%,2PA,2P%,3PA,3P%,"eFG%Effective Shooting PercentageWith eFG%, three-point shots made are worth 50% more than two-point shots made. eFG% Formula=(FGM+ (0.5 x 3PM))/FGA","TS%True Shooting PercentageTrue shooting percentage is a measure of shooting efficiency that takes into account field goals, 3-point field goals, and free throws.",PPGPointsPoints per game.,RPGReboundsRebounds per game.,TRB%Total Rebound PercentageTotal rebound percentage is estimated percentage of available rebounds grabbed by the player while the player is on the court.,APGAssistsAssists per game.,AST%Assist PercentageAssist percentage is an estimated percentage of teammate field goals a player assisted while the player is on the court,SPGStealsSteals per game.,BPGBlocksBlocks per game.,TOPGTurnoversTurnovers per game.,"VIVersatility IndexVersatility index is a metric that measures a player’s ability to produce in points, assists, and rebounds. The average player will score around a five on the index, while top players score above 10",ORTGOffensive RatingIndividual offensive rating is the number of points produced by a player per 100 total individual possessions.,DRTGDefensive RatingIndividual defensive rating estimates how many points the player allowed per 100 possessions he individually faced while staying on the court.
,Precious Achiuwa,Mia,F,21.58,53,12.3,25.6,19.2,13.6,101,0.515,196,0.551,0,0,0.551,0.557,5.1,3.5,16,0.5,6.6,0.32,0.49,0.72,6.7,107.9,98.4
,Jaylen Adams,Mil,G,24.95,7,2.6,5.4,18.5,0,0,0,6,0.167,2,0,0.125,0.125,0.3,0.4,8.7,0.3,12.7,0,0,0,5.1,,
,Steven Adams,Nor,C,27.74,52,28,58.3,11.9,18.1,125,0.448,277,0.625,3,0,0.618,0.6,7.7,9,17.7,2,9.3,0.94,0.67,1.42,7.4,120.2,108.8
,Bam Adebayo,Mia,C-F,23.75,50,33.5,69.7,24,15,284,0.806,626,0.57,8,0.25,0.568,0.625,19,9.2,15.6,5.2,27,0.96,1.14,2.68,11.6,120.6,104.3
,LaMarcus Aldridge,San,C-F,35.75,21,25.9,54,22.7,7,37,0.838,173,0.509,75,0.36,0.518,0.545,13.7,4.5,9.2,1.7,10.2,0.38,0.86,0.95,7.3,107.4,109.4
,LaMarcus Aldridge,Bro,C-F,35.75,5,26,54.3,19.8,11.8,10,1,43,0.488,5,0.8,0.563,0.611,12.8,4.8,10.3,2.6,14.2,0.6,2.2,1.4,8.3,116.6,107.3
,Ty-Shon Alexander,Pho,G,22.75,8,2.9,6,17.2,0,2,0.5,2,0,6,0.167,0.188,0.225,0.5,0.4,7.3,0.1,5.1,0,0,0,3.7,,
,Nickeil Alexander-Walker,Nor,G,22.62,41,20.7,43.2,22.8,12.4,52,0.75,191,0.487,187,0.348,0.504,0.524,10.2,3.1,8.2,2,13.8,0.98,0.51,1.39,7.7,100.7,106.9
,Grayson Allen,Mem,G,25.52,41,25,52.2,16.9,9.7,73,0.863,110,0.473,230,0.404,0.563,0.599,10.9,3.2,6.8,2.2,11.8,0.95,0.17,0.98,6.8,117.2,109.2
,Jarrett Allen,Bro,C,22.99,12,26.6,55.5,15.5,19.3,61,0.754,65,0.677,0,0,0.677,0.73,11.2,10.4,21.9,1.7,8.3,0.58,1.58,1.83,8.8,134.2,106.7
,Jarrett Allen,Cle,C,22.99,34,29.6,61.7,17.4,11.9,167,0.695,268,0.638,13,0.385,0.635,0.667,13.9,9.8,18.5,1.7,9,0.41,1.68,1.41,8.3,128.1,109.6
,Al-Farouq Aminu,Orl,F,30.57,17,21.6,44.9,14.3,20.6,17,0.824,58,0.5,31,0.226,0.444,0.482,5.5,5.4,13,1.7,11.3,1,0.53,1.47,6.8,93,107.5
,Al-Farouq Aminu,Chi,F,30.57,2,8.3,17.2,12.7,41,2,1,1,0,1,0,0,0.347,1,3,20.3,0,0,0,0,1,0,43.7,100.2
,Kyle Anderson,Mem,F-G,27.57,52,27.2,56.6,18.8,10.7,134,0.776,301,0.538,201,0.348,0.532,0.569,12.3,5.9,11.7,3.6,18.1,1.27,0.79,1.29,9.4,115.4,106.2
,Giannis Antetokounmpo,Mil,F,26.36,46,33.8,70.4,32.6,14.1,449,0.684,670,0.631,171,0.304,0.596,0.63,28.5,11.2,17.4,6.1,29.1,1.17,1.33,3.7,14.8,119.9,101.3
,Kostas Antetokounmpo,Lal,F,23.41,13,3.7,7.7,20.5,43.8,11,0.455,8,0.375,0,0,0.375,0.428,0.8,1.3,19.6,0.1,2.7,0.15,0.31,0.77,5.1,,
,Thanasis Antetokounmpo,Mil,F,28.75,43,11,23,15.7,21.4,39,0.462,98,0.582,24,0.292,0.553,0.55,3.6,2.5,12,0.9,9.9,0.42,0.23,0.88,7.3,104.7,100.1
,Carmelo Anthony,Por,F,36.88,54,25.1,52.3,23.4,7.5,131,0.878,377,0.435,245,0.38,0.488,0.531,13.4,3.2,6.8,1.6,9.5,0.72,0.63,1.02,6.5,108.1,111.9
,Cole Anthony,Orl,G,20.92,31,26.3,54.8,22.6,13.8,68,0.838,235,0.417,103,0.311,0.432,0.474,11.3,4.5,9,4,23.7,0.61,0.42,1.9,8.9,97.5,108.4
,OG Anunoby,Tor,F,23.75,37,33,68.8,18.5,12.4,85,0.765,206,0.558,214,0.393,0.574,0.598,14.8,5.7,9.5,2,9.2,1.59,0.68,1.76,6.7,111.7,107.2
,Ryan Arcidiacono,Chi,G,27.06,32,10.9,22.6,13,6.7,16,0.75,39,0.487,52,0.308,0.473,0.5,3.1,1.6,8.2,1.3,15.8,0.22,0,0.22,6.8,113.1,106.3
,Trevor Ariza,Mia,F,35.8,15,25.6,53.4,15.2,6.9,23,0.783,51,0.392,60,0.367,0.477,0.512,8.3,3.9,8.5,1.7,9.5,0.73,0.67,0.6,5.9,105.8,107.3
,D.J. Augustin,Mil,G,33.43,37,19.3,40.1,14.3,14,40,0.9,63,0.349,129,0.38,0.497,0.542,6.1,1.4,3.7,3,18.7,0.54,0.03,0.92,6.1,114.9,111.5
,D.J. Augustin,Hou,G,33.43,14,19.2,39.9,20.7,16.2,34,0.971,44,0.477,50,0.36,0.511,0.592,9.2,2.3,6.4,4,31.3,0.43,0,1.5,9.1,117.8,112.6
,Deni Avdija,Was,F,20.29,51,23.4,48.7,12,9,42,0.643,134,0.537,161,0.323,0.508,0.522,6.4,4.8,11,1.2,6.7,0.57,0.27,0.61,5.7,103,103.9
,Deandre Ayton,Pho,C,22.74,55,30.5,63.6,19.4,12.7,146,0.76,557,0.641,20,0.2,0.629,0.653,15.2,10.8,19.9,1.4,6.9,0.51,1.15,1.69,8,124.6,100.7
,Udoka Azubuike,Uta,C-F,21.58,12,4.1,8.5,11.1,23.7,6,0.667,7,0.571,0,0,0.571,0.622,1,1.1,14,0,0,0.08,0.33,0.25,0,107.7,93.5
,Dwayne Bacon,Orl,G-F,25.63,56,25,52,19.1,5.7,116,0.836,370,0.441,162,0.309,0.447,0.491,10.2,3,6.3,1.2,7.5,0.5,0.07,0.63,5.3,101,111.4
,Marvin Bagley III,Sac,F,22.09,37,25.7,53.6,23.1,9.6,109,0.56,320,0.547,96,0.354,0.543,0.553,13.9,7.4,16,0.9,5.5,0.49,0.51,1.32,7,108.9,110.8
,LaMelo Ball,Cha,G,19.65,41,28.6,59.7,25.4,16.5,123,0.789,310,0.503,216,0.375,0.528,0.562,15.9,5.9,11.1,6.1,33.9,1.59,0.34,2.8,11.6,110.6,103.4
,Lonzo Ball,Nor,G,23.47,42,31.4,65.5,19.9,13.5,48,0.792,177,0.503,338,0.376,0.543,0.557,14.2,4.1,7.2,5.6,25.2,1.38,0.6,2,8.8,112.5,110.7
,Mo Bamba,Orl,C,22.93,32,12.3,25.6,22.9,10.1,33,0.606,108,0.546,65,0.385,0.558,0.568,6.7,4.3,18.1,0.5,6.5,0.19,0.97,0.66,7.9,109.9,100.1
,Desmond Bane,Mem,G,22.81,50,22.4,46.7,16.6,10.7,39,0.821,181,0.492,194,0.459,0.593,0.608,9.5,3.1,7.4,1.6,9.8,0.68,0.2,0.94,6.4,114,106.2
,Harrison Barnes,Sac,F,28.88,53,36.3,75.7,16.8,11,218,0.826,355,0.566,222,0.365,0.559,0.613,15.6,6.7,10.2,3.5,12.9,0.79,0.19,1.57,7.9,121.2,118.1
,RJ Barrett,Nyk,F-G,20.84,57,34.1,71,23.6,10.7,229,0.734,615,0.472,210,0.381,0.497,0.534,17.3,5.7,9.1,3,14.1,0.79,0.26,1.95,7.8,106.1,104.2
,Will Barton,Den,G,30.28,53,31.3,65.1,18.9,12.7,110,0.782,333,0.465,243,0.374,0.506,0.536,12.6,4,7.3,3.2,13.6,0.91,0.42,1.72,7,106.7,111.5
,Keita Bates-Diop,San,F,25.23,17,7.2,15,14.3,2.5,10,0.7,20,0.4,15,0.333,0.443,0.482,2.2,1.2,9.1,0.4,7.6,0.35,0.06,0.06,5.7,109.1,109.5
,Nicolas Batum,Lac,G-F,32.34,55,28.4,59.2,12,10.6,52,0.846,121,0.537,235,0.417,0.596,0.618,8.5,4.9,9.8,2.3,10.5,1.11,0.51,0.82,6.4,124.7,108
,Aron Baynes,Tor,C-F,34.35,50,18.2,38,16.1,12.7,37,0.73,187,0.529,93,0.237,0.471,0.491,5.8,5.1,15.3,0.9,6.8,0.3,0.4,0.86,6.6,102.2,102.6
,Kent Bazemore,Gol,G-F,31.8,54,17.6,36.7,16.3,16.5,57,0.702,148,0.48,131,0.412,0.545,0.566,6.4,3,9,1.6,12.6,0.89,0.46,1.11,7.1,102.5,100.5
,Darius Bazley,Okc,F-G,20.84,40,30.8,64.1,20.1,13.5,89,0.708,252,0.5,208,0.284,0.466,0.493,12.3,7.4,12.5,1.6,7.7,0.5,0.58,1.95,6.8,91.3,112.2
,Bradley Beal,Was,G,27.8,46,35.4,73.8,34.7,11.4,361,0.898,744,0.54,299,0.331,0.528,0.593,31,4.8,7.2,4.8,24.1,1.13,0.35,3.35,10.1,112.5,110.5
,Malik Beasley,Min,G,24.39,37,32.8,68.4,24.1,8.6,80,0.85,279,0.487,321,0.399,0.547,0.57,19.6,4.4,7.2,2.4,11.9,0.81,0.19,1.62,7.2,108.5,115.5
,Jordan Bell,Was,F,26.27,3,16.6,34.6,15.1,16.7,0,0,13,0.385,2,0,0.333,0.333,3.3,5.3,17,1.7,13.1,0.33,1,1,7.5,83.4,106.8
,DeAndre' Bembry,Tor,G-F,26.79,38,18.1,37.6,13.5,22,41,0.683,116,0.621,33,0.273,0.574,0.596,5.2,2.6,8,2,15.4,0.82,0.37,1.24,6.6,108.2,107.6
,Davis Bertans,Was,F,28.43,41,24.5,51,16.4,6.6,79,0.873,35,0.457,300,0.4,0.585,0.623,11.2,3,6.5,0.9,5,0.61,0.24,0.63,5.1,119.1,107.4
,Patrick Beverley,Lac,G,32.76,31,23.4,48.8,14.4,11.5,41,0.805,65,0.462,125,0.416,0.568,0.598,8,3.6,8.6,2.1,11.7,0.84,0.77,0.87,6.7,121.3,100.3
,Saddiq Bey,Det,F,22.02,54,25.6,53.3,18.2,7.4,97,0.876,159,0.484,333,0.378,0.541,0.577,11.4,4.1,8.9,1.3,7.6,0.72,0.13,0.8,6.1,112.9,109.5
,Tyler Bey,Dal,F,23.18,11,3.5,7.3,15.9,0,4,0.5,11,0.364,1,0,0.333,0.363,0.9,1.1,17.1,0.1,3.5,0,0.09,0,5.3,,
,Khem Birch,Orl,C,28.55,48,19.8,41.3,12.3,8.5,85,0.741,188,0.479,21,0.19,0.459,0.517,5.3,5.1,13.4,1.1,7.9,0.67,0.58,0.48,6.3,119.5,108.7
,Khem Birch,Tor,C,28.55,4,24.5,51.1,14.5,9.1,9,0.556,23,0.652,3,0.333,0.635,0.634,9.5,6,13.5,0.3,1.5,1,1.5,0.75,4.2,123.5,105.8
,Goga Bitadze,Ind,C-F,21.74,36,11,22.9,19.4,8.9,39,0.744,92,0.587,54,0.278,0.524,0.558,5.1,3.1,15.3,0.7,9.3,0.22,1.14,0.44,8.1,117.1,98.4
,Bismack Biyombo,Cha,C,28.63,51,20.9,43.6,11.5,18.5,89,0.483,194,0.582,1,0,0.579,0.574,5.3,5.2,13.6,1.3,8.5,0.29,1.12,1.04,6.3,113.2,105
,Nemanja Bjelica,Sac,F,32.94,26,16.9,35.2,19.2,14.3,42,0.762,92,0.565,58,0.293,0.517,0.555,7.2,3.8,12.6,1.9,15.3,0.31,0.08,1.08,8.8,109.8,109.9
,Nemanja Bjelica,Mia,F,32.94,8,10.8,22.6,14.7,10.6,3,0.333,8,0.75,16,0.188,0.438,0.434,2.8,2,10.4,1.1,15,0.25,0.25,0.38,6.8,92.3,93.7
,Eric Bledsoe,Nor,G,31.35,55,30.2,63,17.9,12.4,136,0.728,275,0.469,278,0.345,0.494,0.526,11.7,3.5,6.3,3.7,16.6,0.71,0.31,1.58,7.1,107,113.3
,Keljin Blevins,Por,G,25.4,10,5.1,10.5,14.5,17.6,0,0,9,0.222,5,0,0.143,0.143,0.4,0.2,2.1,0.4,9.8,0.2,0,0.3,2.5,40.3,113.8
,Bojan Bogdanovic,Uta,F,32,56,30.4,63.4,21,9.7,185,0.87,323,0.464,347,0.383,0.522,0.572,15.4,4,6.9,1.8,8.6,0.52,0.05,1.45,6.3,112.9,107.6
,Bogdan Bogdanovic,Atl,G,28.66,31,27.6,57.5,20.4,8.5,32,0.906,147,0.51,207,0.415,0.576,0.594,14.1,3.7,7.3,3,17,0.84,0.26,1.1,7.8,118.6,108.7
,Bol Bol,Den,C-F,21.42,24,5,10.3,21.4,17.2,12,0.583,24,0.542,19,0.474,0.616,0.621,2.5,0.8,8.6,0.3,7.1,0.08,0.38,0.42,6.7,102.2,105.6
,Marques Bolden,Cle,C,23,6,4.8,9.9,13,23.5,8,0.625,3,0.333,0,0,0.333,0.537,1.2,1,11.7,0,0,0.33,0.33,0.33,0,100.1,115.5
,Jordan Bone,Orl,G,23.45,14,14,29.2,12.6,5.3,0,0,22,0.591,32,0.313,0.519,0.519,4,1.7,6.4,1.3,13.4,0.14,0,0.21,5.9,112.6,112.7
,Isaac Bonga,Was,G,21.44,34,11.5,24,9.8,19.4,6,0.5,30,0.5,42,0.286,0.458,0.462,2,1.9,8.5,0.6,6.7,0.26,0.24,0.53,4.6,91.1,102.8
,Devin Booker,Pho,G,24.46,51,33.7,70.3,32.9,13.1,286,0.864,676,0.55,303,0.35,0.542,0.592,25.7,4.1,6.9,4.5,22,0.84,0.27,3.25,9.3,109.7,105.2
,Chris Boucher,Tor,F-C,28.26,57,24,50.1,20.5,7.1,181,0.79,308,0.614,216,0.38,0.595,0.635,13.5,6.6,15.2,1.1,7.2,0.58,1.91,0.81,7.7,126.8,102.7
,Brian Bowen II,Ind,F-G,22.54,4,2.7,5.7,13.5,0,1,1,3,0.333,0,0,0.333,0.436,0.8,0.5,10.1,0,0,0,0,0,0,,
,Avery Bradley,Mia,G,30.39,10,21.1,43.9,16.9,11.4,9,0.778,28,0.536,38,0.421,0.591,0.607,8.5,1.8,4.8,1.4,10.3,0.7,0.1,0.9,5.3,109.6,101.7
,Avery Bradley,Hou,G,30.39,11,22.1,46.1,13.8,10.2,4,0.75,27,0.444,42,0.286,0.435,0.445,5.7,2.3,5.5,1.7,11,0.73,0.09,0.73,5.1,93.1,110.9
,Tony Bradley,Phi,C-F,23.27,20,14.4,29.9,12.8,7,11,0.636,74,0.689,1,0,0.68,0.683,5.5,5.2,19.9,0.9,8.8,0.3,0.65,0.3,8.2,143.7,99.4
,Tony Bradley,Okc,C-F,23.27,11,19.7,40.9,18.6,18.2,24,0.667,64,0.672,2,0,0.652,0.666,9.3,7.2,19,1.1,9.2,0.45,1,1.55,8.5,118.6,105.2
,Jarrell Brantley,Uta,F,24.86,18,4.4,9.2,17.8,6.1,2,1,12,0.667,18,0.389,0.617,0.631,2.2,1.1,12.6,0.3,9.4,0.17,0.06,0.11,8.2,130.8,94.4
,Ignas Brazdeikis,Nyk,F,22.27,4,1.8,3.7,17.9,34.7,2,1,1,0,0,0,0,0.532,0.5,0.5,15.2,0.3,17.4,0,0,0.25,9.4,,
,Ignas Brazdeikis,Phi,F,22.27,1,7.9,16.5,16.3,0,0,0,2,0,1,0,0,0,0,2,13.9,0,0,0,0,0,0,0,110.4
,Miles Bridges,Cha,F,23.07,55,28,58.3,16.2,15.7,84,0.869,241,0.61,212,0.396,0.603,0.632,11.3,5.9,11.4,2,10.5,0.67,0.71,1.65,7.3,114.3,107.8
,Mikal Bridges,Pho,F,24.63,55,32.1,66.9,15,7.9,101,0.822,274,0.624,232,0.409,0.62,0.645,12.9,4.5,7.9,2.2,9.3,0.93,0.87,0.85,6.3,127.2,109
,Oshae Brissett,Ind,F-G,22.83,5,4.9,10.3,18,9.7,3,1,6,0.833,2,0.5,0.813,0.858,3.2,0.4,4.5,0.2,6.4,0.2,0.2,0.2,5.2,150,113.8
,Malcolm Brogdon,Ind,G,28.35,49,35.1,73.2,25.5,9.6,145,0.855,533,0.492,329,0.398,0.532,0.562,21.2,5,7.9,5.9,25.8,0.96,0.2,2,9.7,113.9,112
,Armoni Brooks,Hou,G,22.87,4,13.1,27.2,17.9,13.6,0,0,4,0.75,15,0.4,0.632,0.632,6,2.3,9.2,0.8,9,0.25,0,0.75,6.8,106.6,111.6
,Dillon Brooks,Mem,G-F,25.23,51,29.5,61.5,26,10,135,0.83,493,0.452,282,0.348,0.477,0.511,16.7,2.9,5.2,2.4,12,1.18,0.37,1.82,6.6,100.3,103.6
,Troy Brown Jr.,Was,G-F,21.72,21,13.7,28.5,16.2,14.3,15,0.667,43,0.442,46,0.304,0.449,0.471,4.3,2.9,11.3,0.9,8.8,0.14,0.19,0.76,6.5,92,106.5
,Troy Brown Jr.,Chi,G-F,21.72,11,18.1,37.7,12.2,8.8,6,0.833,27,0.63,22,0.364,0.592,0.61,5.7,3.4,10.3,0.8,6,0.45,0.18,0.45,5.5,120.3,106
,Bruce Brown,Bro,G-F,24.67,52,22.1,46.1,16,10.9,90,0.767,290,0.579,47,0.255,0.552,0.586,8.5,4.8,12.3,1.7,10.1,0.85,0.37,0.88,7.4,120.5,105.3
,Jaylen Brown,Bos,G-F,24.48,52,34.1,71.1,29.7,11.6,224,0.754,625,0.546,354,0.401,0.566,0.593,24.6,5.8,9.5,3.4,17.1,1.21,0.56,2.73,9.2,112.8,107.1
,Moses Brown,Okc,C,21.51,27,21.1,43.9,18,11.3,92,0.62,171,0.556,0,0,0.556,0.584,9.1,8.7,21.5,0.1,1.1,0.59,1.19,1,3.8,118,103.3
,Sterling Brown,Hou,G-F,26.18,51,24.1,50.2,13.5,10.5,31,0.806,119,0.496,215,0.423,0.585,0.598,8.2,4.4,9.7,1.4,8.5,0.75,0.24,0.8,6.1,114.1,109.1
,Jalen Brunson,Dal,G,24.63,51,25.5,53.1,19.9,11,123,0.789,310,0.59,155,0.387,0.587,0.619,12.6,3.6,7.7,3.4,20.3,0.51,0,1.25,8.4,121.9,110.2
,Thomas Bryant,Was,C-F,23.71,10,27.1,56.4,17.3,9.8,24,0.667,70,0.714,21,0.429,0.698,0.704,14.3,6.1,11.9,1.5,8.5,0.4,0.8,1.1,7.5,130.7,105.2
,Reggie Bullock,Nyk,G-F,30.09,50,28.1,58.6,14.5,7.8,36,0.889,127,0.496,282,0.397,0.565,0.581,9.9,3.3,6.4,1.4,7.1,0.8,0.16,0.72,5.1,113.6,104.3
,Trey Burke,Dal,G,28.43,49,14.3,29.8,19.6,8.1,40,0.85,136,0.522,130,0.362,0.532,0.559,6.5,0.9,3.4,1.3,13.9,0.57,0.04,0.51,5.5,111.9,110.4
,Alec Burks,Nyk,G,29.74,44,25.8,53.7,20.9,8.2,111,0.865,226,0.42,218,0.408,0.515,0.561,12.6,4.5,9.4,2.2,13.1,0.68,0.27,1,7.7,113.5,102.9
,Jimmy Butler,Mia,F,31.59,41,33.7,70.3,26.6,10.5,324,0.852,508,0.537,82,0.232,0.511,0.6,21.4,7.2,12.1,7.2,36.7,2.1,0.39,2.1,12.3,125.5,106.6
,Bruno Caboclo,Hou,F,25.57,6,6.1,12.6,25.6,18.3,2,0.5,12,0.667,5,0,0.471,0.475,2.8,2.3,20.5,0.2,4.6,0,0.33,0.67,7.1,83.1,97.3
,Devontae Cacok,Lal,F,24.52,16,5.2,10.8,17.7,11.8,9,0.444,26,0.654,0,0,0.654,0.634,2.4,1.7,18.1,0.1,1.9,0.31,0.25,0.25,5.7,117.3,95.3
,Kentavious Caldwell-Pope,Lal,G,28.16,52,27,56.2,14.3,12.4,75,0.84,166,0.446,205,0.41,0.539,0.573,8.9,2.7,5.5,1.7,8.4,0.79,0.33,1.1,5.1,108.9,104.5
,Facundo Campazzo,Den,G,30.07,50,19,39.5,12.7,17.4,51,0.824,62,0.403,143,0.385,0.524,0.565,5.1,1.6,4.7,2.9,18.5,1,0.2,0.96,6,115.5,105.5
,Vlatko Cancar,Den,F,24.02,30,5.4,11.3,13.8,19.4,8,0.875,19,0.579,19,0.263,0.487,0.53,1.5,1,10.8,0.3,7.7,0.3,0.07,0.33,5.7,99.3,105.6
,Devin Cannady,Orl,G,24.9,4,3.8,8,28.5,0,7,0.857,2,0.5,5,0.4,0.571,0.694,3.5,0,0,0,0,0.5,0.25,0,0,,
,Clint Capela,Atl,C,26.92,49,30.2,63,19.9,9,176,0.591,541,0.603,0,0,0.603,0.611,15.4,14.3,25.9,0.8,4.5,0.69,2.2,1.24,7.4,124.7,103.3
,Vernon Carey Jr.,Cha,F-C,20.14,11,6.2,12.9,17.2,11,5,0.8,16,0.688,6,0.167,0.568,0.599,2.6,1.5,12.8,0.2,4.5,0,0.27,0.27,5.9,109.7,104.9
,Wendell Carter Jr.,Chi,C-F,22,32,24.7,51.5,19,14,111,0.739,230,0.526,22,0.364,0.528,0.578,10.9,7.8,17.5,2.2,12.1,0.56,0.75,1.53,9.3,115,101.8
,Wendell Carter Jr.,Orl,C-F,22,11,27.9,58.2,20.8,10.8,42,0.738,99,0.606,14,0.214,0.571,0.608,14.5,8.7,16.4,2,12,1,1.09,1.45,9.1,120.8,106
,Jevon Carter,Pho,G,25.59,43,10.8,22.5,14.1,5.4,2,1,41,0.512,98,0.367,0.54,0.543,3.5,1.5,7.7,1.2,14.6,0.42,0.19,0.19,6.8,118.2,103
,Michael Carter-Williams,Orl,G,29.52,31,25.8,53.7,20.3,18.4,80,0.613,209,0.431,61,0.246,0.417,0.449,8.8,4.5,9.1,4.1,23.9,0.81,0.55,2.23,8.5,92.4,105.7
,Alex Caruso,Lal,G,27.13,46,20.4,42.5,14.2,18.6,55,0.655,119,0.445,106,0.415,0.529,0.55,6,3,8.1,2.6,17.2,1.15,0.22,1.24,7.1,106.2,99.1
,Willie Cauley-Stein,Dal,C,27.66,36,16.9,35.2,12.2,10.2,50,0.66,120,0.65,8,0.125,0.621,0.64,5.3,4.2,13.6,0.7,6,0.31,0.78,0.47,5.9,128.6,100.3
,Chris Chiozza,Bro,G,25.4,22,10.6,22,20.9,14.4,17,0.765,46,0.391,42,0.31,0.426,0.461,4,1.1,5.8,3,36.7,0.32,0.27,0.73,8.9,107.4,109.4
,Marquese Chriss,Gol,F,23.79,2,13.4,27.8,28.4,11.3,4,0.5,9,0.444,5,0.2,0.393,0.412,6.5,6.5,26,1,11.2,0,1,1,10.4,87.3,98.1
,Brandon Clarke,Mem,F-G,24.57,45,25.4,52.9,17.6,5.5,93,0.667,346,0.558,63,0.302,0.542,0.561,11.2,5.6,11.7,1.7,9.3,1.04,0.84,0.58,7.5,118.1,107.5
,Gary Clark,Orl,F,26.42,35,18.2,37.9,10.4,11.2,10,0.8,23,0.391,108,0.287,0.424,0.439,3.4,3.2,9.2,0.9,6.4,0.34,0.2,0.49,4.7,97,111.9
,Gary Clark,Den,F,26.42,2,2.1,4.3,0,,0,0,0,0,0,0,,,0,0.5,13.9,0,0,0,0,0,0,,
,Jordan Clarkson,Uta,G,28.86,52,25.4,53,29.2,9.8,92,0.946,322,0.525,449,0.347,0.523,0.55,17.2,3.9,8.1,2.2,13.9,0.87,0.15,1.69,8.3,108,105.7
,Nicolas Claxton,Bro,F-C,22,24,18.3,38.1,15,9.3,46,0.5,112,0.598,5,0.2,0.585,0.583,6.7,4.9,15.1,1.1,8,0.71,1.21,0.58,7.2,120.7,102.3
,Amir Coffey,Lac,G-F,23.83,38,8,16.7,14.7,11.9,21,0.619,34,0.529,46,0.435,0.6,0.611,2.9,0.9,6.5,0.4,7,0.24,0,0.32,5.1,115.5,110.7
,John Collins,Atl,F-C,23.57,47,30.3,63,22.5,7.7,154,0.838,453,0.603,158,0.38,0.594,0.63,18.2,7.7,14.1,1.4,7.6,0.53,1.04,1.21,7.7,124,104
,Mike Conley,Uta,G,33.52,45,29.9,62.2,22.6,12.2,123,0.854,267,0.487,299,0.415,0.558,0.594,16.4,3.3,5.9,5.7,28.6,1.33,0.18,1.91,9,122.6,105.2
,Pat Connaughton,Mil,G,28.28,52,23.1,48.1,11.6,7.2,34,0.735,94,0.564,200,0.39,0.578,0.591,7,4.9,11,1.3,6.9,0.65,0.35,0.46,6.1,123.5,106.5
,Quinn Cook,Lal,G,28.07,16,3.9,8.1,21.8,9.6,5,0.8,13,0.538,13,0.385,0.558,0.585,2.1,0.3,4.5,0.3,12.4,0.06,0.06,0.19,5.9,,
,Quinn Cook,Cle,G,28.07,7,13.6,28.4,21.6,8.5,3,1,29,0.379,13,0.462,0.476,0.496,6.1,1.7,7,1.9,21.9,0.43,0,0.57,7.9,105,108.8
,Tyler Cook,Bro,F,23.57,4,4.2,8.6,10.5,25,0,0,3,0.333,0,0,0.333,0.333,0.5,0.5,6.8,0.5,14.4,0,0,0.25,4.8,88,108
,Tyler Cook,Det,F,23.57,13,13,27.1,14.2,20,16,0.5,37,0.595,0,0,0.595,0.59,4,2.9,12.5,0.5,5.3,0.31,0,0.85,5.5,103.3,105.3
,DeMarcus Cousins,Hou,C,30.68,25,20.2,42.2,23.2,14.2,59,0.746,94,0.426,116,0.336,0.469,0.511,9.6,7.6,20.1,2.4,18.1,0.84,0.72,1.56,11.1,101.6,96.4
,DeMarcus Cousins,Lac,C,30.68,4,8.6,17.9,31.8,20.3,6,0.5,14,0.429,3,0.333,0.441,0.458,4.5,2.8,18,0.8,12.9,0.75,0,1.25,10,87.6,86.7
,Robert Covington,Por,F,30.34,53,32.2,67.1,12.1,11.9,47,0.809,120,0.483,282,0.387,0.551,0.569,9.1,6.6,11,1.7,7.2,1.58,1.28,1.08,5.8,112.1,108.6
,Torrey Craig,Mil,F,30.33,18,11.2,23.3,10.8,9.6,2,0.5,24,0.417,22,0.364,0.478,0.48,2.5,2.4,11.2,0.9,9.5,0.5,0.39,0.28,6.3,112.3,100.2
,Torrey Craig,Pho,F,30.33,15,15.9,33.1,15.2,9.8,8,0.625,39,0.641,31,0.419,0.636,0.639,6.3,4,14.1,0.9,8,0.73,0.4,0.53,7.1,124.1,99.2
,Jae Crowder,Pho,F,30.78,52,27.8,57.9,15.5,9.6,67,0.761,100,0.48,325,0.388,0.558,0.578,10.1,4.9,9.9,2.1,10,0.85,0.38,0.92,6.8,112.9,105.1
,Jarrett Culver,Min,G-F,22.15,33,15,31.3,18.3,13,48,0.604,114,0.482,53,0.245,0.446,0.473,5.4,3.2,11.4,0.7,6.4,0.52,0.27,0.85,6.1,94.1,107.1
,Seth Curry,Phi,G,30.65,44,28.9,60.2,17.4,10.7,66,0.894,221,0.48,210,0.41,0.545,0.575,12,2.2,4.1,2.8,14,0.77,0.18,1.25,5.8,112.7,107.2
,Stephen Curry,Gol,G,33.09,48,33.9,70.6,33.3,12,286,0.927,424,0.58,567,0.422,0.61,0.66,30.7,5.5,8.7,5.9,31.4,1.23,0.13,3.17,11.8,120.4,109.2
,Nate Darling,Cha,G,22.63,6,4,8.4,16.5,10.7,3,1,0,0,7,0.286,0.429,0.541,1.5,0.2,2.3,0.2,5.5,0,0.17,0.17,3.9,110.2,117.7
,Anthony Davis,Lal,F-C,28.1,23,32.8,68.4,27.9,9.3,130,0.715,325,0.575,58,0.293,0.555,0.588,22.5,8.4,14.2,3,16.3,1.35,1.78,1.96,10.1,115.3,101.5
,Ed Davis,Min,C-F,31.87,21,13.5,28.1,8.1,11,10,0.9,44,0.432,0,0,0.432,0.486,2.2,5.2,20.8,1,9.7,0.62,0.62,0.29,6.7,129.2,96.8
,Terence Davis,Tor,G,23.92,34,14.5,30.2,21.6,11.7,18,0.889,88,0.489,122,0.361,0.519,0.537,6.9,1.9,7.4,1.1,11.5,0.5,0.21,0.85,6.7,100.5,106.8
,Terence Davis,Sac,G,23.92,11,17.6,36.7,21.2,13.6,11,0.727,29,0.552,49,0.306,0.494,0.513,7.7,2.2,6.9,1.1,8.5,0.73,0.27,1.18,6,94.3,113.2
,Dewayne Dedmon,Mia,C,31.68,1,6.2,12.9,35.4,0,2,0.5,2,0.5,2,0,0.25,0.307,3,5,45.6,1,25.5,0,2,0,15.9,87.6,81.4
,Matthew Dellavedova,Cle,G,30.61,8,18.9,39.3,12.1,9.6,4,1,20,0.35,16,0.125,0.278,0.318,3,2,5.9,4.8,33.9,0.25,0,0.5,6.5,102.6,113
,DeMar DeRozan,San,G-F,31.69,47,34,70.8,25.4,9.7,326,0.88,635,0.517,64,0.281,0.508,0.592,21.2,4.3,6.7,7.2,33.1,0.91,0.26,1.94,10.2,122.5,110.5
,Mamadi Diakite,Mil,F,24.24,10,9.3,19.5,14.2,9.5,6,1,20,0.45,6,0.167,0.404,0.471,2.7,2.5,14,0.6,7.9,0.3,0.5,0.3,6.9,106.7,98.6
,Hamidou Diallo,Okc,G,22.71,32,23.8,49.5,22.8,12.1,132,0.629,256,0.512,41,0.293,0.502,0.536,11.9,5.2,11.3,2.4,16.4,0.97,0.38,1.53,8.9,105.7,103.4
,Hamidou Diallo,Det,G,22.71,10,20.8,43.3,20.2,12.4,26,0.769,58,0.5,15,0.467,0.541,0.586,9.9,4.4,11.8,1.2,9.3,0.6,0.7,1.2,7.2,111.3,103.8
,Gorgui Dieng,Mem,C,31.24,22,16.9,35.2,16.9,14.8,43,0.884,60,0.55,48,0.479,0.625,0.682,7.9,4.5,14.1,1.3,10.6,0.77,0.64,1,8.5,126.8,101.7
,Gorgui Dieng,San,C,31.24,3,8,16.6,21.2,17.2,6,0.667,3,0.333,4,0.25,0.357,0.467,3,0.7,4.4,0,0,0.67,0,0.67,0,79.9,91.1
,Spencer Dinwiddie,Bro,G,28.03,3,21.4,44.7,16,21.2,6,1,9,0.444,7,0.286,0.438,0.536,6.7,4.3,11.3,3,17.4,0.67,0.33,1.67,8.3,102.2,108.5
,Donte DiVincenzo,Mil,G,24.21,52,27.5,57.2,17.2,12.6,56,0.732,216,0.458,271,0.384,0.524,0.538,10.6,5.6,10.7,3.1,14.5,1.17,0.17,1.42,8.3,110.5,106.6
,Luka Doncic,Dal,F-G,22.13,50,35.1,73.1,35.8,15.1,360,0.733,631,0.566,410,0.361,0.556,0.593,28.4,7.9,12.3,8.8,44.8,0.96,0.62,4.28,14.3,114.3,107.5
,Luguentz Dort,Okc,G,22,44,29.6,61.6,21.2,10.3,124,0.726,254,0.457,268,0.343,0.487,0.519,13.6,3.6,6.4,1.6,8.3,0.98,0.39,1.5,5.8,99.5,108.4
,Damyean Dotson,Cle,G,26.95,35,18.8,39.2,17.4,10.6,32,0.688,106,0.519,115,0.278,0.466,0.485,6.5,2,5.9,2.1,16.8,0.4,0.11,0.8,6.4,99.9,113.7
,Devon Dotson,Chi,G,21.71,4,4.1,8.5,13.1,0,0,0,5,0.4,0,0,0.4,0.4,1,0.8,10.2,0.5,16.1,0.25,0,0,7.2,116.2,110
,Sekou Doumbouya,Det,F,20.31,46,13.3,27.7,17.5,13.8,42,0.738,107,0.43,87,0.241,0.399,0.438,4,2.1,8.8,0.6,6.9,0.43,0.11,0.74,5.2,87,103.6
,PJ Dozier,Den,G-F,24.48,41,20.2,42,16.9,10.9,57,0.614,152,0.474,108,0.343,0.49,0.509,7.1,3.6,10.2,1.6,10.6,0.61,0.39,0.85,6.8,105,106.8
,Goran Dragic,Mia,G,34.95,36,26.5,55.2,24.6,17.8,95,0.811,219,0.507,168,0.339,0.508,0.548,13.1,3.3,6.9,4.4,27,0.64,0.14,2.58,8.7,101.1,105.6
,Andre Drummond,Cle,C,27.69,25,28.9,60.2,31.2,15.6,129,0.597,372,0.484,8,0,0.474,0.5,17.5,13.5,26,2.6,16,1.6,1.16,3.24,11.8,97.1,99.7
,Andre Drummond,Lal,C,27.69,5,22.6,47,23.8,24.2,16,0.625,40,0.45,0,0,0.45,0.489,9.2,9.2,22.6,1.2,7.8,1.4,0.6,3,8.3,87.6,84.7
,Jared Dudley,Lal,F,35.77,11,6.9,14.4,5.1,22.2,0,0,2,0,5,0.4,0.429,0.429,0.5,1.7,13.9,0.5,8.1,0.09,0.09,0.18,4.4,106.4,99.4
,Kevin Durant,Bro,F,32.55,23,33.9,70.6,31.8,15.6,167,0.88,278,0.579,130,0.454,0.612,0.671,28.1,7,11.5,5.4,26.1,0.61,1.3,3.87,12,119.9,109.6
,Anthony Edwards,Min,G,19.7,57,31.3,65.3,27.1,10.6,196,0.786,550,0.456,392,0.316,0.464,0.5,18,4.4,7.6,2.7,13.8,1.12,0.4,2.14,7.6,97.4,114.6
,Carsen Edwards,Bos,G,23.1,23,8.8,18.3,19.7,4.3,9,0.778,40,0.65,44,0.295,0.542,0.557,4.3,0.9,5.5,0.4,7.4,0.22,0.04,0.17,5.3,113.7,106.4
,CJ Elleby,Por,F-G,20.83,21,7.3,15.1,16.1,5.3,11,0.636,22,0.591,27,0.222,0.449,0.474,2.4,1,7.7,0.2,3.6,0.29,0.14,0.14,4.3,103.5,106.5
,Henry Ellenson,Tor,F-C,24.26,2,19.2,40,17.7,0,4,0.75,5,0.6,9,0.222,0.429,0.476,7.5,6,17.2,2.5,18.7,0,0.5,0,10.1,120.5,95.4
,Wayne Ellington,Det,G,33.38,40,22.1,46,16.8,8,33,0.788,59,0.542,239,0.423,0.616,0.629,9.8,1.9,4.7,1.4,10,0.38,0.23,0.68,5.4,119,112
,Joel Embiid,Phi,C-F,27.09,38,32.2,67.1,35.1,11.7,448,0.855,574,0.544,116,0.379,0.548,0.642,30,11.1,18.9,3,16.6,1.03,1.45,3.08,12.4,122.7,99.9
,James Ennis III,Orl,F,30.8,39,24.3,50.6,14,11.1,81,0.815,135,0.504,101,0.436,0.568,0.615,8.6,4.1,8.7,1.5,9.1,0.82,0.18,0.87,6.2,120.2,107.3
,Drew Eubanks,San,F-C,24.21,36,13.3,27.7,16.6,14.8,61,0.689,128,0.539,1,1,0.547,0.587,5.1,3.8,15.1,0.8,8.5,0.31,1.03,0.75,7.5,112.7,102.5
,Dante Exum,Cle,G,25.76,6,19.4,40.3,12.7,20.7,2,0.5,15,0.533,11,0.182,0.423,0.428,3.8,2.8,8.2,2.2,15.6,0.67,0.33,1.17,5.9,86.4,108.6
,Tacko Fall,Bos,C,25.35,14,7.2,14.9,14.5,11.9,13,0.308,24,0.75,0,0,0.75,0.673,2.9,2.7,21.2,0.1,2.9,0.07,0.86,0.29,5.1,125.1,96
,Derrick Favors,Uta,F,29.76,53,15.5,32.4,13.7,11.8,73,0.74,198,0.626,1,0,0.623,0.653,5.7,5.5,18.5,0.8,6.9,0.51,1.04,0.58,7.6,135.1,93.9
,Cristiano Felicio,Chi,F-C,28.78,11,4.2,8.8,10.6,26.3,10,0.6,4,0.75,0,0,0.75,0.714,1.1,1.2,15.6,0.5,13.2,0.18,0,0.27,8.3,133.1,106.2
,Terrance Ferguson,Phi,G,22.92,13,3.8,7.9,9.6,36.4,0,0,2,0.5,5,0,0.143,0.143,0.2,0.1,1.1,0.2,4.9,0.08,0,0.31,1.7,,
,Bruno Fernando,Atl,F-C,22.67,26,6.8,14.3,13.2,33.4,18,0.667,26,0.462,2,0,0.429,0.501,1.4,2.5,19.8,0.3,6.6,0.08,0.12,0.69,6,85.5,101
,Yogi Ferrell,Cle,G,20,2,20.3,42.2,26.8,12.1,2,0,12,0.417,9,0.333,0.452,0.434,9.5,3.5,9.6,2.5,20.4,1.5,0.5,1.5,8.6,90.2,104.6
,Dorian Finney-Smith,Dal,F,27.95,44,32.1,66.8,11.8,6.9,30,0.8,120,0.567,217,0.364,0.553,0.567,9,5.7,9.6,1.6,6.6,0.86,0.43,0.59,5.4,120.6,108.4
,Malik Fitts,Lac,F,20,2,2,4.1,11.4,0,0,0,0,0,1,0,0,0,0,1,28.9,0,0,0,0,0,0,,
,Malachi Flynn,Tor,G,22.94,32,16.8,35.1,17.8,10.8,23,0.739,98,0.388,90,0.3,0.418,0.439,5.4,1.9,6.3,2.6,22.1,0.78,0.16,0.75,7.1,97.7,109.3
,Bryn Forbes,Mil,G,27.74,54,19.1,39.8,18.4,6.8,45,0.756,144,0.479,258,0.442,0.597,0.609,9.5,1.3,3.7,0.6,4.3,0.33,0,0.57,4.1,115.5,110.9
,Trent Forrest,Uta,G,22.85,15,5.8,12,11.9,29.3,2,1,13,0.538,3,0,0.438,0.474,1.1,0.5,4.3,1.2,26.8,0.27,0.07,0.47,6,100.1,106.1
,Evan Fournier,Orl,G-F,28.46,26,30.3,63,26.3,11.3,123,0.797,181,0.536,188,0.388,0.56,0.604,19.7,2.9,5,3.7,20.7,1.04,0.35,2.08,7.9,114,109.9
,Evan Fournier,Bos,G-F,28.46,4,28.7,59.7,16.5,9.1,4,0.75,15,0.333,23,0.478,0.566,0.578,11.5,1.8,3.4,1.8,8.5,1.25,0.75,1,4.7,111.9,108.3
,De'Aaron Fox,Sac,G,23.32,55,35.1,73.2,30.9,12.1,393,0.71,744,0.543,308,0.325,0.527,0.566,25.2,3.5,5.4,7.1,32.3,1.47,0.47,3.07,9.7,112.2,113.7
,Robert Franks,Orl,F,20,2,8.4,17.5,14.8,34.7,4,0.75,1,1,1,1,1.25,1.064,4,2,12.5,0.5,8.7,0,0,1,7.6,137.3,99.4
,Tim Frazier,Mem,G,20,3,10.8,22.6,14.3,27.3,0,0,6,0.333,2,0,0.25,0.25,1.3,1.3,6.6,2.3,26,0.33,0,1,5.8,67.6,102.2
,Markelle Fultz,Orl,G,22.89,8,26.9,56,26.2,13.8,19,0.895,88,0.42,16,0.25,0.413,0.458,12.9,3.1,6.1,5.4,32.8,1,0.25,2.25,8.9,96,108.1
,Wenyen Gabriel,Nor,F,24.06,9,4.7,9.8,19.7,35.4,4,0.5,6,0.167,5,0.2,0.227,0.274,0.8,1.6,18.2,0.6,14.2,0.11,0,0.78,7.8,68.6,112.5
,Daniel Gafford,Chi,F-C,22.54,31,12.4,25.8,14.3,17.3,41,0.659,87,0.69,0,0,0.69,0.7,4.7,3.3,15,0.5,6.1,0.35,1.1,0.71,6.4,127.5,100.8
,Daniel Gafford,Was,F-C,22.54,6,17.5,36.4,23.2,12,19,0.737,43,0.651,0,0,0.651,0.681,11.7,5.5,16.7,0.5,4.8,0.83,1.83,1.17,7.3,121.9,104
,Danilo Gallinari,Atl,F,32.69,39,24,49.9,21.7,8.2,134,0.933,165,0.448,204,0.407,0.538,0.61,13.4,4.1,9.3,1.4,8.8,0.56,0.18,0.97,7.1,120,106.9
,Langston Galloway,Pho,G,29.35,34,11.1,23.1,16.4,7.9,17,1,50,0.5,71,0.451,0.603,0.634,4.8,1,5.2,0.7,8.6,0.18,0,0.32,5.4,121.3,109.4
,Darius Garland,Cle,G,21.22,45,33.4,69.5,24.4,16.1,106,0.849,445,0.47,213,0.399,0.511,0.541,17,2.4,4.1,5.9,29.3,1.16,0.11,3,7.4,103.7,111.8
,Marc Gasol,Lal,C,36.21,44,19.5,40.7,12.6,20.4,44,0.75,69,0.536,111,0.387,0.564,0.592,5.4,4,11.5,2.1,14.3,0.52,1.2,1.16,7.3,110.6,96.6
,Rudy Gay,San,F-G,34.67,47,21.7,45.2,23,9.1,75,0.787,258,0.434,200,0.385,0.497,0.523,10.9,5,12.1,1.5,10.3,0.77,0.57,1.04,8,102.5,104.5
,Paul George,Lac,F,30.96,43,33.7,70.3,29.6,14.4,174,0.891,429,0.51,323,0.437,0.572,0.613,23.6,6.3,10.4,5.5,25.9,1.16,0.47,3.23,11.1,115.7,106.4
,Taj Gibson,Nyk,F,35.81,30,20.6,42.9,9.8,13.1,44,0.682,86,0.64,14,0.214,0.595,0.624,5,5.2,13.6,0.7,4.8,0.77,0.97,0.6,5.1,127.9,99.3
,Harry Giles III,Por,F-C,22.99,30,10.3,21.4,14.4,17.5,22,0.682,60,0.417,15,0.467,0.473,0.508,2.9,3.9,20.6,0.8,10.1,0.2,0.33,0.6,8.1,107.2,98.7
,Shai Gilgeous-Alexander,Okc,G-F,22.77,35,33.7,70.2,28.1,13.7,229,0.808,395,0.547,170,0.418,0.571,0.623,23.7,4.7,7.3,5.9,31.2,0.77,0.66,3.03,10.3,117.4,111.1
,Anthony Gill,Was,F,28.5,17,5.4,11.3,11.8,15.3,5,0.8,8,0.625,12,0.167,0.4,0.45,1.2,1.6,15.5,0.2,5.4,0.24,0.12,0.24,5.4,100,103.3
,Freddie Gillespie,Tor,F,20,5,15.9,33.2,14,11.6,4,0.75,21,0.619,0,0,0.619,0.637,5.8,4.2,14.5,0.4,3.8,0.6,1,0.6,5.4,124,101.7
,Rudy Gobert,Uta,C,28.81,56,31.1,64.8,16.9,13.2,315,0.613,455,0.675,3,0,0.67,0.676,14.4,13.6,22.9,1.3,6.2,0.54,2.86,1.63,8.2,129.9,99.2
,Brandon Goodwin,Atl,G,25.54,37,12.2,25.5,19.4,12.4,30,0.667,85,0.412,78,0.346,0.463,0.485,4.6,1.3,5.8,1.8,21.5,0.38,0,0.68,7.2,102.6,110.4
,Aaron Gordon,Orl,F,25.58,25,29.4,61.3,23.9,16.5,105,0.629,181,0.475,112,0.375,0.509,0.537,14.6,6.6,11.8,4.2,22.8,0.64,0.8,2.68,10.1,102.8,108.9
,Aaron Gordon,Den,F,25.58,11,27.2,56.7,16,10,22,0.727,61,0.705,28,0.286,0.618,0.638,11.5,4.5,9.5,2.5,12.9,0.82,0.64,1,7.4,127.4,110.4
,Eric Gordon,Hou,G,32.31,27,29.2,60.9,25.3,10.9,114,0.825,157,0.573,210,0.329,0.527,0.577,17.8,2.1,3.9,2.6,14.7,0.52,0.48,1.89,6.3,108.5,114.9
,Devonte' Graham,Cha,G,26.15,44,29.8,62,21,10.4,113,0.823,159,0.377,366,0.374,0.506,0.543,14.2,2.7,4.9,5.2,25.5,1.02,0.09,1.52,7.8,113.4,113.2
,Jerami Grant,Det,F,27.1,49,34.4,71.7,28.1,9.1,309,0.858,548,0.471,305,0.357,0.494,0.56,22.6,4.8,7.7,2.9,14.3,0.69,1.08,2.02,7.9,109.9,109.9
,Danny Green,Phi,G,33.82,55,28.5,59.3,13.9,11.3,33,0.758,90,0.444,345,0.412,0.582,0.591,9.7,3.7,7.2,1.7,8,1.31,0.87,1.04,5.5,113.4,104.5
,Draymond Green,Gol,F,31.12,48,30.6,63.8,13.4,30.7,66,0.773,192,0.495,99,0.263,0.46,0.498,6.6,6.6,11.5,8.6,36.1,1.67,0.79,2.96,9.4,105.6,101.7
,JaMychal Green,Den,F-C,30.82,43,18.5,38.6,18.7,12.3,43,0.837,133,0.541,147,0.408,0.579,0.602,8.4,5,15.3,0.8,5.7,0.51,0.35,0.98,7,115.5,99.3
,Javonte Green,Bos,G-F,27.74,25,13.8,28.8,12.2,13.4,30,0.667,49,0.653,22,0.318,0.599,0.624,4.2,2.1,8.4,0.4,4.3,0.72,0.08,0.52,4.4,119.4,106.3
,Javonte Green,Chi,G-F,27.74,4,6.6,13.6,14.8,33.3,0,0,5,0.2,1,0,0.167,0.167,0.5,1.5,12.8,0.5,9.1,0.5,0.5,0.75,4.4,49.9,100.6
,Jeff Green,Bro,F,34.64,52,26.7,55.5,14.8,8.9,111,0.757,205,0.561,178,0.41,0.586,0.617,10.3,3.7,7.8,1.5,7.6,0.54,0.35,0.81,5.8,120,111.1
,Josh Green,Dal,G,20.41,28,10.1,21.1,12.8,18.4,15,0.6,43,0.558,17,0.118,0.45,0.473,2.3,1.9,10.2,0.5,6.5,0.25,0.11,0.54,5.1,96,109.3
,Blake Griffin,Det,F,32.09,20,31.3,65.2,19.6,11.4,62,0.71,98,0.429,124,0.315,0.453,0.491,12.3,5.2,9.3,3.9,18.4,0.7,0.1,1.6,8,101,109
,Blake Griffin,Bro,F,32.09,10,19.2,39.9,17,17.3,23,0.783,30,0.567,22,0.409,0.587,0.636,7.9,4.1,12,2.2,15.1,0.8,0.5,1.3,8.6,117.8,102.5
,Kyle Guy,Sac,G,23.68,22,6.9,14.4,18.9,5.9,12,0.833,26,0.462,32,0.313,0.466,0.506,2.9,1,8,0.9,16.7,0.18,0,0.18,8,110.9,112.6
,Rui Hachimura,Was,F,23.19,46,31.9,66.5,18.1,9.4,139,0.763,402,0.515,116,0.31,0.504,0.542,13.7,5.8,9.6,1.5,6.9,0.85,0.07,1.3,6.2,105,109.6
,Ashton Hagans,Min,G-F,21.78,2,2.1,4.3,10.2,100,0,0,0,0,0,0,,,0,0,0,0,0,0,0,0.5,0,,
,Tyrese Haliburton,Sac,G,21.13,50,30.2,62.9,17.6,12.1,45,0.844,273,0.535,253,0.411,0.574,0.588,12.8,3.1,5.7,5,23,1.34,0.54,1.5,7.7,118.3,117.1
,Donta Hall,Orl,C,23.69,2,16.6,34.6,9.4,27.8,5,0.8,3,0.667,0,0,0.667,0.769,4,5,15.8,2.5,20.3,1,1.5,1,8.9,138.9,106
,Josh Hall,Okc,F,20.52,14,12.4,25.8,18.2,21.7,29,0.586,25,0.28,20,0.1,0.222,0.32,2.6,2,8.4,1.3,13.8,0,0,1.14,6.1,65.5,105.1
,R.J. Hampton,Den,G,20.19,25,9.3,19.4,14.3,14.4,12,0.75,42,0.476,18,0.278,0.458,0.49,2.6,2,12.2,0.6,7.6,0.2,0.08,0.44,6.3,99.6,105.7
,R.J. Hampton,Orl,G,20.19,11,22.5,46.9,20.4,12.8,20,0.55,64,0.531,29,0.276,0.495,0.506,9.4,4.2,9.7,1.2,8.3,0.91,0.27,1.36,6.4,94.1,109.2
,Tim Hardaway Jr.,Dal,G-F,29.09,54,28.5,59.3,22.8,6.1,123,0.797,292,0.517,396,0.389,0.555,0.581,16,3.4,6.4,1.7,9.1,0.46,0.13,0.89,6.3,114,112.3
,James Harden,Hou,G,31.64,8,36.3,75.5,28.7,17.4,60,0.883,63,0.556,72,0.347,0.537,0.613,24.8,5.1,7.5,10.4,47.3,0.88,0.75,4.25,12.1,118.6,113.6
,James Harden,Bro,G,31.64,34,37.3,77.7,28.7,16.6,256,0.867,332,0.548,255,0.361,0.545,0.616,25.4,8.7,13.1,11,43.4,1.26,0.68,4.09,14.4,122.1,107.9
,Maurice Harkless,Mia,F-G,27.93,11,11.2,23.4,6.1,17.8,2,0,2,0,11,0.455,0.577,0.54,1.4,1.2,5.9,0.6,7.5,0.18,0.36,0.27,3.6,104.2,103.5
,Maurice Harkless,Sac,F-G,27.93,11,20.7,43.1,11.3,10,11,0.818,19,0.737,30,0.233,0.5,0.539,5.3,2.2,5.8,1.4,8.3,0.73,0.55,0.55,4.9,108.1,108.9
,Jared Harper,Nyk,G,23.59,4,2.3,4.7,23.7,41,2,1,2,0,0,0,0,0.347,0.5,0,0,0,0,0,0,0.5,0,,
,Montrezl Harrell,Lal,F-C,27.22,56,24.4,50.8,21.5,9.3,214,0.71,510,0.629,10,0,0.617,0.646,14.2,6.7,15.2,1.1,7.5,0.7,0.77,1.13,7.7,126.1,100.4
,Gary Harris,Den,G,26.59,19,30.6,63.8,13.8,7.6,30,0.733,81,0.556,75,0.32,0.519,0.544,9.7,2.5,4.6,1.7,7.1,0.89,0.21,0.74,4.5,112.3,111.8
,Gary Harris,Orl,G,26.59,4,25.5,53,21.3,14,14,0.929,26,0.269,11,0.364,0.351,0.452,9.8,1.5,3.1,3.3,18.4,0.75,0.75,1.75,5.7,94.1,112.6
,Jalen Harris,Tor,G,22.67,4,3.5,7.3,15.3,20,0,0,2,0,2,0.5,0.375,0.375,0.8,0.8,11.7,0.5,18.7,0.25,0,0.25,7.8,,
,Joe Harris,Bro,G-F,29.61,56,30.7,63.9,16.1,7.2,52,0.769,202,0.569,366,0.484,0.67,0.678,14.3,3.6,6.6,1.8,8.3,0.7,0.18,0.82,5.9,128.6,111.5
,Shaquille Harrison,Uta,G,27.53,17,3.3,6.8,21.3,18.1,6,0.833,18,0.333,2,0,0.3,0.375,1,0.5,8.5,0.5,21.5,0.12,0,0.29,7.6,,
,Tobias Harris,Phi,F,28.75,49,33.3,69.3,24,9.9,175,0.886,575,0.555,172,0.407,0.568,0.609,20.5,7.2,11.9,3.6,17.7,0.92,0.88,1.86,9.7,119.1,103.8
,Isaiah Hartenstein,Den,C-F,22.95,30,9.1,18.9,18.8,18,36,0.611,80,0.513,0,0,0.513,0.543,3.5,2.8,17.8,0.5,7.4,0.37,0.67,0.7,7.5,108.6,90.2
,Isaiah Hartenstein,Cle,C-F,22.95,9,20.1,41.9,18.5,18.2,27,0.63,46,0.63,5,0.4,0.627,0.644,9,7.6,21,2.8,21.9,0.44,1.56,1.56,11.5,119.7,96.6
,Josh Hart,Nor,G,26.12,47,28.7,59.8,13.6,11.8,89,0.775,150,0.587,193,0.326,0.532,0.568,9.2,8,15.4,2.3,10.6,0.81,0.26,1.09,7.7,115.5,106.6
,Jaxson Hayes,Nor,C-F,20.9,44,14.7,30.7,15,13.5,74,0.757,160,0.663,6,0.5,0.666,0.698,6.3,3.8,14.3,0.6,5.4,0.36,0.48,0.7,6.6,129.3,104.1
,Killian Hayes,Det,G,19.72,13,21.7,45.2,18.8,24.7,6,0.833,57,0.368,32,0.25,0.371,0.387,5.5,2.2,5.7,3.9,26,1,0.38,2.31,6.7,78.9,107.3
,Gordon Hayward,Cha,F,31.07,44,34,70.8,23.8,11,185,0.843,453,0.499,205,0.415,0.537,0.584,19.6,5.9,9.4,4.1,19.4,1.18,0.32,2.07,9.2,114.3,110.5
,Juancho Hernangomez,Min,F,25.55,38,16.5,34.4,16.6,6.9,66,0.682,92,0.576,109,0.33,0.532,0.563,6.8,4.1,13.4,0.6,5.6,0.37,0.11,0.45,6.2,114.1,112.9
,Willy Hernangomez,Nor,C-F,26.89,33,15.8,32.9,16.6,7.8,48,0.604,159,0.56,8,0.125,0.542,0.558,6.4,6.4,22.3,0.9,8.5,0.33,0.48,0.48,8.4,122.9,108.2
,Tyler Herro,Mia,G,21.24,45,31.2,65.1,23.3,12.4,108,0.815,342,0.494,249,0.329,0.494,0.526,14.9,4.9,8.8,3.4,17.6,0.73,0.38,2,8.1,100.2,109.7
,Buddy Hield,Sac,G,28.33,55,34.5,72,20.7,10.6,84,0.833,206,0.447,577,0.385,0.543,0.561,16.7,4.5,7.2,3.1,12.6,0.82,0.36,1.76,7.1,107.1,114.8
,George Hill,Okc,G,34.95,14,26.3,54.9,16.7,8.4,25,0.84,63,0.619,57,0.386,0.6,0.63,11.8,2.1,4.1,3.1,18.2,0.86,0.14,0.86,6.5,126.1,115.2
,Solomon Hill,Atl,F,30.08,55,20.5,42.7,10.9,11,30,0.767,61,0.459,176,0.341,0.498,0.518,4.7,2.7,7.1,1,6.2,0.73,0.18,0.56,4.6,105.9,108.5
,Nate Hinton,Dal,G-F,21.86,14,3.4,7.1,24.7,15,6,0.667,14,0.5,6,0.167,0.425,0.464,1.5,0.4,5.7,0.3,12.3,0.29,0.07,0.29,6.6,,
,Jaylen Hoard,Okc,F,22.05,7,19.3,40.2,17.9,21.3,19,0.789,31,0.484,5,0,0.417,0.507,6.4,3.3,8.9,1,7.5,0.71,0.14,1.71,5.7,94,109.4
,Aaron Holiday,Ind,G,24.54,53,17.5,36.5,20,11.3,60,0.783,204,0.412,153,0.373,0.475,0.503,7.3,1.2,3.9,1.7,13.1,0.62,0.17,0.92,5.6,98.2,109.4
,Jrue Holiday,Mil,G,30.85,43,31.6,65.8,21.9,13,85,0.824,379,0.562,202,0.401,0.576,0.598,17.2,4.5,7.5,5.4,24.3,1.74,0.51,2.14,9.5,119.3,107.8
,Justin Holiday,Ind,F-G,32.03,55,31.4,65.3,14,7.8,66,0.788,136,0.507,355,0.375,0.547,0.566,10.7,3.6,6.3,1.7,6.9,1.24,0.4,0.8,5.1,110.6,111.1
,Rondae Hollis-Jefferson,Por,F,26.29,2,6,12.5,17.1,21,4,0.5,1,1,1,0,0.5,0.532,2,0.5,4.5,1.5,32.9,0.5,0,0.5,7.6,110.2,71.9
,Richaun Holmes,Sac,F,27.51,50,30,62.4,16.7,10.4,138,0.797,453,0.651,10,0.2,0.644,0.674,14.1,8.9,16.5,1.7,8,0.68,1.64,1.22,8,131,107.1
,Rodney Hood,Por,G-F,28.49,38,19.1,39.8,14.1,13.1,12,0.75,117,0.41,84,0.298,0.425,0.436,4.7,1.9,5.4,1.2,8.7,0.53,0.11,0.82,4.6,91.1,113.3
,Rodney Hood,Tor,G-F,28.49,9,16.7,34.8,15.5,7.4,9,0.889,22,0.409,24,0.333,0.457,0.5,5.6,2,6.6,0.4,3.7,0.11,0.22,0.44,3.9,99.8,111.8
,Al Horford,Okc,C-F,34.87,28,27.9,58.2,21.9,7.3,22,0.818,208,0.51,152,0.368,0.528,0.538,14.2,6.7,12.5,3.4,20.1,0.89,0.93,1.04,9.8,110.8,108.2
,Talen Horton-Tucker,Lal,G,20.39,51,19.6,40.9,21.9,15.2,89,0.82,282,0.507,107,0.262,0.476,0.517,8.7,2.7,7.7,2.6,19.6,0.96,0.39,1.51,8,100.6,98
,Danuel House Jr.,Hou,F-G,27.86,31,27.2,56.7,15.2,10,59,0.661,105,0.467,139,0.36,0.508,0.532,9.3,3.9,7.6,1.9,10.1,0.65,0.45,0.97,6,105.4,111
,Dwight Howard,Phi,C-F,35.36,54,17.4,36.3,18.1,24.1,164,0.579,214,0.607,16,0.25,0.591,0.607,6.8,8.3,26.1,0.7,5.8,0.44,0.93,1.78,7.8,108,88.4
,Markus Howard,Den,G,22.12,27,3.3,6.9,26,11.3,2,0.5,14,0.429,32,0.156,0.293,0.299,1,0.4,7,0.4,14.5,0.07,0,0.22,6.6,,
,Kevin Huerter,Atl,G-F,22.64,56,31,64.5,17.1,9.6,52,0.827,279,0.498,313,0.364,0.524,0.539,11.8,3.3,5.8,3.6,16.6,1.14,0.23,1.16,6.7,111.9,109
,Elijah Hughes,Uta,G,23.1,11,3.6,7.5,28,19.4,4,0.75,5,0.4,14,0.429,0.579,0.602,2.3,0.6,9.3,0.4,15.5,0.09,0.09,0.45,9.1,,
,De'Andre Hunter,Atl,F-G,23.37,20,31.2,65.1,19.7,9.5,75,0.867,136,0.596,87,0.356,0.572,0.625,16,5.1,9,2.1,10.2,0.9,0.5,1.35,7.1,121.4,107.2
,Chandler Hutchison,Chi,F-G,24.97,7,9.1,18.9,16.1,20.9,2,1,15,0.267,3,0.333,0.306,0.344,1.9,2.9,17.5,0.6,7.8,0.14,0,0.71,6.5,67.2,98.4
,Chandler Hutchison,Was,F-G,24.97,6,18.6,38.8,18.3,18.4,9,0.778,26,0.423,10,0.2,0.389,0.438,5.8,3.8,10.9,0.8,5.9,0.5,0,1.5,5.6,79.6,108.5
,Serge Ibaka,Lac,F,31.58,39,23.6,49.1,19.8,10.7,45,0.822,239,0.577,108,0.352,0.562,0.582,10.9,6.7,16,1.7,10.8,0.23,1.18,1.13,8.5,116.9,105.6
,Andre Iguodala,Mia,G-F,37.22,50,21.2,44.3,11.3,18.8,33,0.636,48,0.542,153,0.32,0.495,0.51,4.4,3.7,9.8,2,13.3,1.02,0.46,1,6,100.8,105.4
,Ersan Ilyasova,Uta,F,33.92,8,6.4,13.3,18.7,13.4,3,1,3,0.333,15,0.267,0.389,0.44,2.1,1.3,10.3,0.3,5.1,0.25,0,0.38,5.8,91.9,90.4
,Joe Ingles,Uta,F-G,33.54,51,26.8,55.8,15.9,15.8,66,0.864,114,0.605,284,0.486,0.693,0.713,11.9,3.7,7.2,4.2,22,0.67,0.2,1.57,8.5,133.3,105.1
,Brandon Ingram,Nor,F,23.62,51,34.6,72.1,28.2,10.7,272,0.886,607,0.514,323,0.384,0.535,0.589,24.3,5,7.9,4.8,22.2,0.75,0.67,2.47,9.7,116.4,112.4
,Kyrie Irving,Bro,G,29.07,40,35.1,73.1,30.4,9.4,160,0.913,543,0.576,276,0.395,0.582,0.618,27.5,4.8,7.6,6.1,29.1,1.25,0.58,2.3,10.6,122.5,109.3
,Wes Iwundu,Dal,F,26.32,23,12.5,26.1,9.9,9.4,14,0.857,29,0.483,23,0.13,0.356,0.421,2.1,1.9,8.4,0.4,4.4,0.39,0.13,0.26,3.7,92.3,106.3
,Wes Iwundu,Nor,F,26.32,9,15.3,31.9,13.4,22.9,13,0.846,15,0.6,13,0.154,0.429,0.519,3.9,2.8,10,0.4,3.6,0.44,0.11,1.11,4.3,89.9,106.6
,Frank Jackson,Det,G,22.95,27,15.2,31.6,20.9,12.2,45,0.822,69,0.478,84,0.405,0.549,0.593,7.6,1.8,6.7,0.6,6.6,0.3,0,0.89,5.3,108,110.5
,Josh Jackson,Det,G-F,24.18,51,24.6,51.2,26.4,14.5,168,0.726,371,0.488,204,0.319,0.484,0.523,13.3,4.2,9.4,2.1,13.9,0.9,0.71,2.16,8,97.6,103.2
,Justin Jackson,Okc,F,26.06,33,16.5,34.4,20.4,12,35,0.857,101,0.515,111,0.306,0.486,0.519,7.2,2.2,6.8,1.5,14.5,0.45,0.06,0.94,7,101.4,111.6
,Reggie Jackson,Lac,G,31,55,22.6,47,19.8,11.2,73,0.795,249,0.478,212,0.429,0.554,0.577,10.3,2.9,7.1,3.1,19.1,0.6,0.11,1.13,8,115.9,106.1
,Justin James,Sac,G-F,24.23,25,6,12.5,15.2,11.3,12,0.417,25,0.52,17,0.294,0.488,0.486,1.8,0.4,4,0.6,13,0.12,0.04,0.24,5,100.4,117.7
,LeBron James,Lal,F,36.29,41,33.9,70.5,31.6,15,239,0.703,489,0.593,266,0.368,0.579,0.606,25.4,7.9,12.9,7.9,41.5,1.05,0.59,3.71,13.8,114.7,102.6
,DaQuan Jeffries,Sac,G-F,23.63,18,12.9,26.8,12.6,11.8,7,0.857,29,0.517,28,0.321,0.5,0.524,3.5,1.6,6.9,0.3,3.3,0.39,0.22,0.44,3.7,101.8,112.6
,DaQuan Jeffries,Hou,G-F,23.63,2,6.6,13.6,9.8,0,0,0,1,1,2,0,0.333,0.333,1,0,0,1,20.7,0,1,0,0,98,123.5
,Ty Jerome,Okc,G-F,23.78,23,24.8,51.6,17.9,12.7,23,0.696,77,0.468,120,0.392,0.541,0.553,10,2.9,6,3.5,21.6,0.52,0.17,1.3,7.5,109.7,109.8
,Isaiah Joe,Phi,G,21.79,29,9.8,20.4,15.9,5.7,9,0.889,20,0.35,75,0.333,0.468,0.49,3.3,1,5.6,0.6,8.1,0.28,0.14,0.21,5.1,104.8,102.9
,Alize Johnson,Bro,F,24.98,9,11.6,24.2,21.4,9.7,3,1,42,0.69,3,0,0.644,0.658,6.8,5.1,24.7,0.7,9.3,0.44,0.22,0.56,10,130.3,104.2
,Cameron Johnson,Pho,F,25.12,49,23.3,48.5,17.1,8.4,47,0.872,117,0.581,264,0.386,0.58,0.601,9.9,3.3,7.9,1.4,8.4,0.61,0.31,0.76,6.1,115.7,107.4
,James Johnson,Dal,F,34.15,29,17.4,36.2,16.3,14.6,29,0.586,85,0.612,60,0.25,0.514,0.526,5.7,3,9.3,1.7,13.9,0.83,0.79,0.93,7.1,103.8,101.8
,James Johnson,Nor,F,34.15,10,27.7,57.6,17.6,14,24,0.708,55,0.527,33,0.303,0.5,0.533,10.5,3.8,7.6,2.9,14.3,1,1.3,1.6,7,105.6,106.2
,Keldon Johnson,San,F-G,21.52,51,28.5,59.3,19.1,8.6,147,0.735,386,0.528,133,0.331,0.52,0.555,12.7,6.5,12.1,1.8,9,0.55,0.47,1.08,7.4,111.5,107.3
,Stanley Johnson,Tor,F-G,24.88,49,14.6,30.5,11.1,19.5,24,0.792,56,0.464,82,0.354,0.504,0.532,3.2,2.3,8.8,1.2,11.1,0.73,0.35,0.73,5.7,102.7,102.4
,Tyler Johnson,Bro,G,28.94,31,16.9,35.1,13.6,8,19,0.842,41,0.439,101,0.376,0.528,0.552,5.4,1.9,6.3,0.9,7,0.39,0,0.42,5,110.2,112
,Nikola Jokic,Den,C,26.16,56,35.2,73.4,28.9,13.1,275,0.855,826,0.599,185,0.422,0.605,0.644,26.1,11,17.7,8.8,41.2,1.46,0.64,3.05,15.5,130.3,104.8
,Derrick Jones Jr.,Por,F,24.17,50,24.4,50.8,12.3,8.4,82,0.634,154,0.617,128,0.328,0.56,0.578,7.4,4,8.7,0.8,4.5,0.7,1.02,0.58,4.7,120.7,111.2
,Damian Jones,Pho,C,25.8,14,6.7,13.9,12.8,22.4,11,0.545,15,0.533,1,0,0.5,0.528,1.6,1.3,10.8,0.3,5.3,0.07,0.36,0.43,5.1,100.3,92.3
,Damian Jones,Lal,C,25.8,8,14,29.1,10.6,18.3,12,0.917,17,0.941,0,0,0.941,0.965,5.4,3.3,12.9,0.1,1.3,0.13,0.88,0.63,3.5,157.6,89.2
,Damian Jones,Sac,C,25.8,3,13.3,27.7,10,21.5,3,0.333,6,0.5,0,0,0.5,0.478,2.3,2.3,9.7,0.7,6.2,1,0.33,0.67,4.7,92.7,106
,Mason Jones,Hou,G,22.74,26,11.8,24.6,23.2,16.8,57,0.614,50,0.48,64,0.359,0.513,0.546,5.8,2,8.8,1.5,19.3,0.23,0.04,1.08,8.8,100.6,110.6
,Mason Jones,Phi,G,22.74,4,3.9,8,16.7,0,0,0,4,0.75,2,0.5,0.75,0.75,2.3,0.8,10.7,0.5,21.9,0,0,0,10,,
,Tre Jones,San,G,21.27,25,4.7,9.8,19.3,19.2,5,1,39,0.462,1,1,0.488,0.521,1.8,0.4,5,0.6,17,0.16,0,0.4,6.4,97.4,113.3
,Tyus Jones,Mem,G,24.94,54,19.1,39.7,16.7,9.8,35,0.914,234,0.5,118,0.322,0.494,0.517,7,2.2,6.2,4.1,29,1.04,0.09,0.74,8.3,116.1,112.3
,DeAndre Jordan,Bro,C,32.74,49,22.2,46.2,12.9,22.3,70,0.5,219,0.781,1,0,0.777,0.752,7.7,7.3,18.4,1.7,10.2,0.29,1.2,1.47,8.2,128.2,104.8
,Cory Joseph,Sac,G,29.66,44,21.5,44.7,14.3,14,47,0.766,156,0.513,94,0.33,0.506,0.534,6.6,2.3,5.9,2.5,14.8,0.86,0.2,1,6.3,108.3,111.8
,Cory Joseph,Det,G,29.66,12,24.7,51.4,19.8,15.6,30,0.9,83,0.542,17,0.294,0.525,0.583,11,3.2,7.2,5.8,37.7,1.17,0.42,1.75,9.5,118.9,106.8
,Mfiondu Kabengele,Lac,F-C,23.67,23,4.1,8.5,19.2,14.8,6,0.833,14,0.357,18,0.222,0.344,0.39,1.2,0.6,8.4,0.2,6.8,0.09,0.13,0.26,5.1,77.2,94.1
,Mfiondu Kabengele,Cle,F-C,23.67,3,7.1,14.8,10.2,20,0,0,1,1,3,0.333,0.625,0.625,1.7,1.7,13.1,0.3,6.6,0.67,0,0.33,5.4,101.2,89.7
,Frank Kaminsky,Pho,F-C,28.04,33,14.8,30.7,18.8,7.3,35,0.629,111,0.505,64,0.406,0.543,0.557,6.4,3.6,13.7,1.6,15.1,0.3,0.39,0.45,9,116.9,102.8
,Enes Kanter,Por,C,28.91,55,26.5,55.2,17.3,11.8,138,0.79,453,0.609,1,0,0.608,0.642,12,11.9,24.1,1.3,7.5,0.51,0.71,1.25,8.6,132.2,106.3
,Luke Kennard,Lac,G,24.81,52,19.6,40.8,16.6,11,26,0.846,153,0.497,176,0.46,0.6,0.612,8,2.7,7.8,1.7,11.8,0.33,0.15,0.81,6.8,117.2,107.6
,Maxi Kleber,Dal,F,29.21,40,28.1,58.6,10.5,9.8,35,0.914,51,0.451,173,0.422,0.592,0.62,7.4,5.4,10.4,1.3,6.2,0.55,0.75,0.65,5.3,123.1,107.2
,Nathan Knight,Atl,F-C,23.57,25,8.4,17.6,22.1,14,41,0.805,50,0.44,24,0.208,0.399,0.5,3.7,2,13,0.2,4,0.32,0.28,0.6,5.4,101.2,106.4
,Kevin Knox II,Nyk,F,21.68,35,12.5,26.1,15.9,10.1,18,0.778,50,0.4,84,0.405,0.53,0.55,4.5,1.6,6.9,0.5,6,0.31,0.17,0.46,4.9,106.3,104.3
,John Konchar,Mem,G,25.07,31,14,29.2,11.4,11.9,24,0.833,57,0.509,36,0.361,0.522,0.565,3.8,2.9,11.2,1.1,10.1,0.84,0.23,0.45,6.6,118.3,104.9
,Furkan Korkmaz,Phi,G-F,23.73,45,19.6,40.8,20.6,9.2,76,0.724,131,0.458,221,0.376,0.524,0.55,9.4,2.1,5.9,1.3,9.7,0.96,0.18,0.87,6,107.4,105
,Luke Kornet,Chi,F-C,25.76,13,7.2,15,13.6,3.4,4,0.5,4,0.75,23,0.261,0.444,0.452,2,1.2,9.5,0.3,5.4,0.15,0.54,0.08,5,99,116
,Luke Kornet,Bos,F-C,25.76,7,14.8,30.8,14,6,1,0,12,0.5,19,0.368,0.532,0.525,4.7,3.4,13,1.3,11.8,0,1.57,0.29,7.4,117,108.6
,Rodions Kurucs,Bro,F,23.2,5,3.2,6.6,8.2,0,0,0,1,0,2,0.5,0.5,0.5,0.6,0.6,10.6,0.4,15.2,0,0,0,6.6,,
,Rodions Kurucs,Hou,F,23.2,11,6.8,14.2,17.5,29.1,2,0.5,6,0.5,15,0.133,0.286,0.297,1.2,1,7.8,0.4,7.1,0.55,0.36,0.82,4.6,52.9,105.3
,Rodions Kurucs,Mil,F,23.2,3,9.4,19.7,14.8,30,0,0,4,0.5,3,1,0.929,0.929,4.3,3,16.7,1.3,18.9,1,0,1,10.9,137.1,88.6
,Kyle Kuzma,Lal,F,25.73,53,28.2,58.7,21.3,12.7,76,0.671,298,0.517,309,0.346,0.518,0.531,12.8,6.6,12.9,1.6,8.6,0.43,0.57,1.75,7.3,101.8,103.1
,Anthony Lamb,Hou,F,23.24,11,11.5,24,14,7.2,6,0.833,16,0.25,20,0.15,0.236,0.285,2,2.6,12.2,0.3,3.1,0.09,0.09,0.27,4,78.1,107.7
,Jeremy Lamb,Ind,G-F,28.88,35,21.4,44.5,18.4,6.8,74,0.946,141,0.461,126,0.413,0.536,0.594,10.2,3.6,9.2,1.4,9.1,0.97,0.63,0.63,7,119.5,106.3
,Romeo Langford,Bos,G-F,21.48,7,13.8,28.8,11.3,11.8,3,1,14,0.286,7,0.429,0.405,0.448,2.9,2.4,9.8,0.6,5.2,0.29,0.14,0.43,4.7,102.4,111.5
,Zach LaVine,Chi,G-F,26.1,53,35.2,73.4,31,14.4,276,0.848,593,0.572,437,0.416,0.594,0.633,27.5,5.1,8.1,5.1,23.9,0.81,0.51,3.64,10.2,114.8,110.3
,Jake Layman,Min,F,27.11,41,14.6,30.4,15.2,12,37,0.703,101,0.644,73,0.288,0.555,0.575,5.3,1.6,5.8,0.7,6.6,0.71,0.41,0.63,5,106,112.8
,Jalen Lecque,Ind,G,20.84,4,3,6.3,36.6,0,3,1,8,0.125,1,0,0.111,0.242,1.3,1.3,22.8,0.5,20.8,0,0,0,12.6,,
,Damion Lee,Gol,G-F,28.49,55,18.8,39.2,12.9,8.6,44,0.909,75,0.627,192,0.391,0.597,0.627,6.5,3.1,8.8,1.3,9.3,0.67,0.13,0.49,6.3,120.3,105.9
,Saben Lee,Det,G,21.82,33,15.6,32.4,17.4,16.6,72,0.667,123,0.472,16,0.438,0.493,0.542,5.6,1.9,7,3.3,32,0.7,0.27,1.03,8.4,113.7,106
,Alex Len,Tor,C,27.84,7,10.8,22.6,11.8,38.8,6,0.5,4,0.5,6,0.5,0.65,0.633,2.3,1.6,8,0.4,5.2,0.14,0.86,1.14,4.2,76.6,103
,Alex Len,Was,C,27.84,40,16.5,34.3,16.9,13.5,83,0.602,178,0.657,17,0.235,0.631,0.639,7.4,4.4,14,0.9,8.2,0.33,1.13,0.9,7.5,118.6,102.7
,Kawhi Leonard,Lac,F,29.8,45,34.6,72.2,29.3,8.6,262,0.878,602,0.56,223,0.395,0.568,0.621,26,6.6,10.7,5,24.1,1.71,0.42,1.96,11,125.5,108
,Meyers Leonard,Mia,F-C,29.13,3,9.8,20.4,15.1,20.2,2,0.5,0,0,7,0.429,0.643,0.635,3.3,2.3,13.5,0.7,9.8,0,0,0.67,7.1,100.8,93.5
,Caris LeVert,Bro,G,26.64,12,27.8,57.9,31.4,10.8,34,0.765,137,0.474,63,0.349,0.49,0.516,18.5,4.3,8.7,6,34,1.08,0.5,2.17,11.2,107.8,110.3
,Caris LeVert,Ind,G,26.64,19,32.8,68.4,25.5,9.7,65,0.831,195,0.508,111,0.297,0.485,0.525,18.5,4.7,8,4.1,18.8,1.63,0.53,1.89,8.6,104.9,109.4
,Kira Lewis Jr.,Nor,G,20.03,38,16.1,33.6,18.9,7.7,31,0.774,156,0.442,82,0.341,0.466,0.489,6.5,1.2,4.1,2.3,19.8,0.76,0.18,0.55,6.5,107.8,108.1
,Damian Lillard,Por,G,30.76,52,35.9,74.8,31.9,11.9,387,0.925,486,0.51,560,0.379,0.541,0.613,28.7,4.2,6.3,7.7,35.7,0.88,0.27,3.17,10.9,123.2,116.7
,Nassir Little,Por,F-G,21.18,36,14,29.2,14,8.6,38,0.868,64,0.594,69,0.377,0.579,0.624,5.2,2.6,10.1,0.5,4.7,0.14,0.33,0.39,5.4,125.5,112.1
,Kevon Looney,Gol,F,25.19,45,16.4,34.1,9.9,15.8,30,0.7,117,0.59,14,0.286,0.573,0.593,3.8,4.3,14,1.9,15,0.42,0.38,0.6,7.7,130.6,101.9
,Brook Lopez,Mil,C,33.04,54,27.2,56.8,16.2,8.6,100,0.85,244,0.623,232,0.345,0.571,0.605,11.6,5.1,9.8,0.7,3.5,0.63,1.39,0.91,5.1,119.2,106.5
,Robin Lopez,Was,C,33.04,55,20,41.7,15.9,13.8,110,0.7,296,0.652,18,0.278,0.639,0.659,8.7,4,10.5,0.8,6.1,0.25,0.58,1.05,6.1,123.6,110.1
,Kevin Love,Cle,F-C,32.61,12,20.9,43.6,23.9,11.6,29,0.793,38,0.447,71,0.352,0.5,0.542,11,5.9,15.7,2.2,16.3,0.58,0.17,1.33,10,107.1,108.3
,Kyle Lowry,Tor,G,35.06,40,34.6,72.1,21.6,16.7,142,0.88,239,0.49,276,0.391,0.542,0.591,17.1,5.5,8.7,7.3,31.5,1.1,0.23,2.9,10.2,115.6,107.1
,Timothe Luwawu-Cabarrot,Bro,G-F,25.94,49,19.2,40,17.2,10.5,38,0.789,102,0.461,215,0.312,0.465,0.487,6.6,2.4,7.1,1.2,8.4,0.61,0.12,0.8,5.6,98.6,107.6
,Trey Lyles,San,F,25.45,23,15.6,32.4,12.9,5.7,23,0.652,50,0.58,40,0.35,0.556,0.574,5,3.7,12.8,0.6,5.3,0.26,0.04,0.26,5.7,115.6,110.6
,Will Magnay,Nor,C,22.85,1,3.3,6.9,25.7,50,0,0,0,0,1,0,0,0,0,0,0,0,0,0,0,1,0,,
,Thon Maker,Cle,F-C,20,8,9.6,19.9,14.7,11.6,11,0.909,16,0.625,2,0,0.556,0.657,3.8,2.3,13.1,0.5,7.8,0.25,0.5,0.38,6.8,132,107.4
,Theo Maledon,Okc,G,19.85,50,27.4,57.2,18.8,17.5,89,0.719,219,0.402,238,0.34,0.458,0.487,9.7,3.4,6.5,3.4,18,0.92,0.12,2.1,7,93.3,108.7
,Karim Mane,Orl,G,20.92,10,8.8,18.4,8.9,16.5,5,0.8,11,0.182,2,0.5,0.269,0.362,1.1,1.4,8.3,0.4,5.9,0,0.2,0.3,3.9,76.8,105.9
,Nico Mannion,Gol,G,20.09,22,13.3,27.7,19.1,19.8,25,0.8,44,0.318,50,0.36,0.436,0.486,4.6,1.5,6.2,2.4,23.8,0.64,0.05,1.18,7.7,95,106.3
,Terance Mann,Lac,G-F,24.49,55,18.4,38.3,14.7,9.8,68,0.779,206,0.519,67,0.418,0.546,0.579,6.4,3.8,11.5,1.6,11.4,0.45,0.24,0.6,7.4,121.4,103.2
,Boban Marjanovic,Dal,C,32.67,24,9,18.8,25.1,7.4,26,0.769,96,0.51,6,0,0.48,0.52,4.9,4.4,26.5,0.3,5.2,0.04,0.21,0.38,8.3,114.5,100.2
,Lauri Markkanen,Chi,F-C,23.9,35,27.4,57,20.6,8.7,75,0.84,176,0.591,211,0.384,0.583,0.612,14.7,5.5,11.1,1,5.2,0.43,0.34,1.14,6.3,114.4,111.3
,Naji Marshall,Nor,F,23.23,16,16.8,35.1,14.1,10,38,0.737,37,0.405,27,0.333,0.445,0.527,5.3,3.4,11.1,2.2,16.5,0.56,0.38,0.56,8.1,115.8,106.3
,Kenyon Martin Jr.,Hou,F,20.28,29,19.2,40,14,10.9,44,0.75,111,0.568,33,0.364,0.563,0.597,6.7,4.8,13.2,0.7,5.3,0.52,0.9,0.69,5.9,119.6,107.7
,Caleb Martin,Cha,F,25.55,41,14.8,30.8,17.6,11.3,44,0.614,107,0.467,94,0.266,0.435,0.458,4.9,2.8,10.3,1.2,11.9,0.71,0.2,0.68,6.9,96.8,107.2
,Cody Martin,Cha,F,25.55,43,14.6,30.5,13.1,15.6,35,0.571,100,0.53,47,0.255,0.483,0.499,3.8,2.6,9.5,1.4,13.3,0.58,0.21,0.7,6.6,104.7,110
,Kelan Martin,Ind,F,25.71,19,5.1,10.7,18.2,14.5,3,1,18,0.444,16,0.313,0.456,0.481,1.8,1.1,11.3,0.2,5.5,0.26,0.11,0.32,5.8,90.3,105.2
,Frank Mason,Orl,G,27.04,4,19.8,41.3,17.5,15.6,7,0.714,19,0.368,5,0.4,0.417,0.462,6.3,3,7.9,3,22,0,0,1.25,7.8,98.2,109.5
,Garrison Mathews,Was,G,24.48,49,18,37.4,11.3,3.8,74,0.892,35,0.514,163,0.405,0.591,0.651,6.1,1.5,4.4,0.5,3.5,0.51,0.12,0.18,3.7,130.8,108.3
,Dakota Mathias,Phi,G,25.77,8,15.4,32.2,17.9,1.9,6,0.333,22,0.5,26,0.308,0.479,0.474,6,0.9,3.1,1.6,15.1,0.13,0.38,0.13,5.3,107,109
,Wesley Matthews,Lal,G,34.51,47,20,41.6,11.2,8.7,35,0.857,43,0.372,163,0.331,0.471,0.506,4.8,1.6,4.5,1,6.4,0.66,0.32,0.45,3.9,104.5,103.3
,Tyrese Maxey,Phi,G,20.45,47,14.1,29.4,22.6,8.3,38,0.868,234,0.5,71,0.282,0.482,0.508,7,1.5,5.9,1.6,17.5,0.34,0.15,0.62,7.3,104.7,104.5
,Skylar Mays,Atl,G,23.61,26,7.6,15.7,19.1,8.1,21,0.857,41,0.439,29,0.345,0.471,0.53,3.2,1,7,0.8,15.4,0.42,0,0.27,7.2,115.2,109.2
,Patrick McCaw,Tor,G,25.48,5,6.7,13.9,3,0,3,1,1,1,0,0,1,1.078,1,0.6,4.9,0.8,15,0.4,0,0,4.7,232.2,97.5
,CJ McCollum,Por,G,29.58,30,33.3,69.5,28.2,6,81,0.84,289,0.495,290,0.4,0.547,0.571,23.4,3.8,6.2,4.7,24.1,1.03,0.53,1.3,9,119.5,115.4
,T.J. McConnell,Ind,G,29.06,52,25.5,53.1,14.8,22.1,34,0.618,310,0.59,31,0.323,0.581,0.586,8,3.7,7.9,6.5,34.8,1.77,0.35,1.94,9.1,117,109
,Jalen McDaniels,Cha,F-C,23.21,30,15.1,31.5,18.1,13.6,33,0.727,93,0.548,57,0.351,0.54,0.565,6.2,2.5,9.1,0.8,8.2,0.5,0.3,0.87,6.1,104.3,102.2
,Jaden McDaniels,Min,F,20.55,50,22.7,47.4,12.8,10.4,39,0.59,137,0.511,155,0.368,0.533,0.54,6.7,3.6,8.6,1.1,6.8,0.52,0.98,0.72,5.3,105.7,108.5
,Doug McDermott,Ind,F,29.29,51,24.4,50.9,19.9,7.6,71,0.845,279,0.631,223,0.381,0.605,0.625,13.1,3.6,8.2,1.3,8.2,0.31,0.08,0.86,6.5,119.6,111.6
,Sean McDermott,Mem,F,24.45,16,9.6,20.1,11.1,9.9,8,1,11,0.727,22,0.227,0.47,0.534,2.4,1.2,6.6,0.3,3.2,0.13,0.19,0.25,4,109,112.1
,JaVale McGee,Cle,C-F,33.24,33,15.2,31.8,24.6,15.8,55,0.655,195,0.549,20,0.25,0.533,0.554,8,5.2,18.8,1,11.3,0.48,1.21,1.36,9.1,102.9,96.7
,JaVale McGee,Den,C-F,33.24,4,10,20.7,22.8,28.9,4,0.5,13,0.538,0,0,0.538,0.542,4,5,28.6,0.3,3.5,0.5,0.5,1.5,7.3,89,77.6
,Rodney McGruder,Det,G,29.72,16,12.1,25.2,18.1,8.7,8,0.75,46,0.565,24,0.458,0.607,0.619,5.7,1.4,6.3,1,13.6,0.5,0.06,0.44,6.6,120.2,110.7
,Alfonzo McKinnie,Lal,F,28.58,33,6.5,13.6,16.9,4.8,17,0.529,40,0.6,32,0.438,0.625,0.623,3,1.3,11.4,0.2,4.2,0.15,0,0.12,5.7,124.8,99.7
,Jordan McLaughlin,Min,G,25.02,37,20,41.7,13.9,15.9,24,0.75,129,0.411,67,0.328,0.439,0.46,5.1,2.2,5.9,4.2,28.8,1.11,0.16,1.05,7.2,105,114.7
,Ben McLemore,Hou,G,28.18,32,16.8,35,21.1,10.5,32,0.719,58,0.431,166,0.331,0.48,0.5,7.4,2.1,6.5,0.9,7.9,0.63,0.09,0.88,5.7,94.8,108.3
,Ben McLemore,Lal,G,28.18,5,18.8,39.3,22.8,10.1,8,0.875,12,0.667,29,0.345,0.561,0.595,10.6,2,5.9,0.8,6.5,0.2,0,1,5.5,110.7,97.8
,Nicolo Melli,Nor,F,30.22,22,11,22.9,12.1,10.1,7,0.857,22,0.364,37,0.189,0.314,0.346,2,2.6,13,1.1,12.7,0.41,0.05,0.32,6.5,92.4,103.6
,Nicolo Melli,Dal,F,30.22,9,16.9,35.3,10.3,5.7,3,1,13,0.462,19,0.316,0.469,0.495,3.7,2.9,9.3,0.8,6,0.22,0.22,0.22,4.8,111.6,103.6
,De'Anthony Melton,Mem,G,22.89,35,19.9,41.4,20.1,13,35,0.771,134,0.507,139,0.453,0.595,0.61,10.1,3.2,8.6,2.7,19,1.23,0.49,1.23,8.9,116.1,104.3
,Sam Merrill,Mil,G,24.92,24,7.9,16.5,15.3,12.9,4,1,20,0.45,39,0.462,0.61,0.625,3.2,1.1,7.4,0.8,12.8,0.21,0.04,0.38,7.2,120.8,107.3
,Chimezie Metu,Sac,F-C,24.07,23,8.9,18.6,19.6,14.9,20,0.65,63,0.587,8,0.375,0.585,0.602,4.2,2.5,15.6,0.7,10.5,0.17,0.52,0.61,8.7,114.3,104.3
,Khris Middleton,Mil,F,29.68,53,33.3,69.5,24.9,13.8,181,0.89,557,0.504,269,0.431,0.551,0.591,20.2,6.1,9.6,5.5,23.6,1.11,0.19,2.74,10.6,115.3,105.9
,Darius Miller,Okc,F,31.07,18,10.9,22.8,13.4,13.1,12,1,6,0.833,42,0.405,0.635,0.685,4.1,1.3,6.4,1.2,15.4,0.67,0.28,0.44,6.8,129.1,108.3
,Paul Millsap,Den,F,36.18,44,21.8,45.4,17.2,10.3,77,0.714,191,0.555,113,0.372,0.556,0.582,8.9,4.8,12.5,1.6,10.1,0.84,0.66,0.89,7.5,118.6,104.9
,Patty Mills,San,G,32.68,53,25.6,53.4,19,8.6,65,0.908,159,0.516,354,0.387,0.56,0.585,12,1.8,3.6,2.5,14,0.64,0.04,0.96,5.9,113.8,113
,Shake Milton,Phi,G-F,24.55,48,24,49.9,24.9,12.3,142,0.852,367,0.507,157,0.338,0.507,0.556,13.6,2.3,5.3,3,19.2,0.65,0.27,1.71,7.6,109,103.5
,Donovan Mitchell,Uta,G,24.61,53,33.4,69.6,33.4,10.7,316,0.845,630,0.476,461,0.386,0.52,0.569,26.4,4.4,7,5.2,26.7,0.98,0.28,2.77,10.1,115.2,105.6
,Adam Mokoka,Chi,G,22.75,9,5.2,10.8,15.6,11.8,0,0,7,0.714,8,0.125,0.433,0.433,1.4,0.4,4.8,0.4,11.4,0.22,0.11,0.22,4.7,90.3,106
,Malik Monk,Cha,G,23.2,32,21.7,45.2,24.6,11.8,65,0.815,157,0.497,165,0.424,0.568,0.598,13.1,2.7,6.7,1.9,14.2,0.5,0.13,1.47,7.5,109.8,111.7
,E'Twaun Moore,Pho,G,32.14,24,14.5,30.2,15.9,14.5,10,0.8,73,0.479,29,0.276,0.461,0.479,4.3,1.8,6.8,1.5,13.1,0.58,0.17,0.75,6.2,98.8,104.4
,Ja Morant,Mem,G,21.69,46,31.9,66.4,27.5,14.8,272,0.739,534,0.5,159,0.27,0.478,0.532,18.8,3.5,5.9,7.3,33.7,0.85,0.17,3.07,9.8,107.8,112.1
,Juwan Morgan,Uta,F,24,20,4.4,9.1,10.9,9.1,7,0.429,6,0.667,11,0.273,0.5,0.498,1,0.8,9.6,0.2,5.9,0.2,0,0.1,4.9,112.6,94.3
,Marcus Morris Sr.,Lac,F,31.62,45,26.1,54.4,19.8,7.8,64,0.813,222,0.464,234,0.474,0.591,0.61,13.1,4,8.7,1.1,5.9,0.58,0.24,0.91,5.9,116.8,106.7
,Markieff Morris,Lal,F,31.62,48,20.2,42.1,16.1,11.7,41,0.732,130,0.562,169,0.355,0.545,0.561,7.4,4.6,12.7,1.1,7.9,0.33,0.33,0.88,6.6,107.9,99.4
,Monte Morris,Den,G,25.81,44,26.1,54.5,16.3,7.5,71,0.789,235,0.532,130,0.377,0.544,0.572,10.3,2.2,4.7,3.2,16.4,0.7,0.3,0.73,6.4,121,114.4
,Mychal Mulder,Gol,G,26.85,45,10,20.8,14.7,5.8,19,0.579,20,0.65,117,0.368,0.566,0.571,3.7,0.8,4.3,0.4,5.5,0.2,0.2,0.2,4.2,106.9,110.8
,Dejounte Murray,San,G,24.57,52,31.7,66,23.5,10.1,104,0.808,594,0.487,160,0.325,0.487,0.511,15.7,6.9,11.6,5.3,25.5,1.62,0.1,1.73,10.5,105.6,105.9
,Jamal Murray,Den,G,24.15,48,35.5,73.9,24.8,11.1,153,0.869,476,0.523,316,0.408,0.559,0.592,21.2,4,6.5,4.8,20.1,1.33,0.27,2.23,8.4,116.7,111.3
,Mike Muscala,Okc,F-C,29.8,35,18.4,38.4,20.2,6.9,36,0.917,83,0.614,184,0.37,0.573,0.599,9.7,3.8,10.7,0.8,7,0.23,0.31,0.6,6.7,115,107.8
,Svi Mykhailiuk,Det,G-F,23.85,36,17.6,36.7,18.9,14.2,30,0.8,52,0.519,171,0.333,0.504,0.527,6.9,2.1,6.5,1.6,13.5,0.75,0.17,1.08,6.5,99.5,110.9
,Svi Mykhailiuk,Okc,G-F,23.85,16,23.5,49,19.1,14.3,15,0.667,67,0.567,70,0.343,0.54,0.55,9.9,3.1,6.9,1.6,10.4,0.88,0.19,1.5,6.2,99.5,113.9
,Abdel Nader,Pho,F,27.56,24,14.8,30.8,18.9,12.6,37,0.757,73,0.534,43,0.419,0.569,0.605,6.7,2.6,9.8,0.8,7.3,0.42,0.38,0.79,6.5,110.1,102.4
,Larry Nance Jr.,Cle,F-C,28.29,31,32,66.7,13.8,15.3,45,0.644,146,0.548,100,0.37,0.551,0.564,9.7,6.8,11.9,3,13.7,1.87,0.55,1.55,7.3,110.3,107.6
,Aaron Nesmith,Bos,G-F,21.5,31,13,27,12.6,12.8,16,0.688,27,0.481,68,0.324,0.484,0.505,3.3,2.1,9,0.3,3.2,0.29,0.19,0.48,3.9,98.8,105.6
,Raul Neto,Was,G,28.91,49,20.1,42,16.7,9.3,54,0.833,213,0.502,123,0.366,0.519,0.548,8,2.2,5.8,2.1,14.4,1.08,0.08,0.76,6.6,109.7,108.5
,Georges Niang,Uta,F,27.83,56,14.3,29.7,16.5,11.4,7,1,68,0.5,202,0.411,0.587,0.593,5.8,2.3,8.4,0.7,6.9,0.3,0.09,0.63,5.9,111.4,100.7
,Zeke Nnaji,Den,F-C,20.27,35,9.8,20.4,12.8,7,15,0.8,38,0.632,49,0.408,0.621,0.641,3.4,1.6,9.1,0.1,1.9,0.14,0.11,0.2,3.3,124.8,110.3
,Nerlens Noel,Nyk,C-F,27.02,50,23.3,48.5,9.8,22.7,54,0.685,175,0.606,2,0,0.599,0.62,5,6.4,14.7,0.7,4.1,1.04,2.14,1.18,4.8,114.1,96.7
,Jaylen Nowell,Min,G,21.77,38,18.8,39.1,21.6,7.3,51,0.824,179,0.497,139,0.338,0.502,0.53,9.5,2.3,6.8,1.6,13,0.55,0.26,0.71,7,106.6,110.7
,Frank Ntilikina,Nyk,G,22.72,22,11.7,24.3,14.1,12.2,16,0.5,27,0.222,38,0.474,0.508,0.514,3.4,1.1,5,0.6,7.6,0.68,0.05,0.45,4.5,99.9,96.7
,James Nunnally,Nor,F,30.76,1,9.1,19,14,0,0,0,0,0,3,0,0,0,0,2,12.1,0,0,0,0,0,0,0,117.9
,Kendrick Nunn,Mia,G,25.71,42,28.3,59.1,21,11.5,46,0.913,244,0.553,227,0.361,0.548,0.568,13.3,3.1,6.2,2.7,15.4,1.02,0.26,1.52,6.8,105.4,107.3
,Jusuf Nurkic,Por,C,26.65,21,22.4,46.7,20.9,19.7,52,0.577,139,0.511,21,0.333,0.509,0.528,9.2,7.5,18,3.2,21,0.95,0.9,2.14,10.8,105.1,101.5
,David Nwaba,Hou,G-F,28.26,30,22.6,47.1,16.6,6.4,68,0.691,154,0.578,63,0.27,0.528,0.559,9.2,3.9,9.3,1,7,1,0.7,0.57,5.8,115.1,108.2
,Jordan Nwora,Mil,F,22.6,22,9.8,20.4,24.8,13.3,19,0.789,54,0.426,48,0.438,0.534,0.562,5.6,1.9,10,0.3,4.5,0.59,0.23,0.77,6,99.7,103.4
,Semi Ojeleye,Bos,F,26.37,46,17.7,36.8,11.5,7.9,32,0.75,51,0.431,134,0.388,0.541,0.563,4.9,2.7,8.4,0.7,5.3,0.24,0,0.37,4.7,116.4,111.5
,Jahlil Okafor,Det,C-F,25.34,16,10.4,21.6,16.7,9.4,8,0.875,48,0.625,6,0.333,0.611,0.635,4.6,2.1,11.4,0.6,9,0.19,0.19,0.38,6.9,123.6,106.1
,Chuma Okeke,Orl,F,22.66,39,24.4,50.8,13.5,10.5,35,0.743,139,0.482,110,0.355,0.504,0.524,7.1,4,8.6,2.2,13.3,0.85,0.51,0.79,6.5,109.3,111.9
,Josh Okogie,Min,G,22.63,44,20.8,43.4,12.1,13.3,78,0.821,112,0.464,82,0.28,0.446,0.519,5.4,2.5,6.6,1.1,6.9,1,0.45,0.8,4.7,105,108.9
,Onyeka Okongwu,Atl,F-C,20.35,34,10.8,22.4,14.6,12.2,41,0.585,89,0.64,1,0,0.633,0.639,4.1,3,15.2,0.2,3.2,0.41,0.59,0.44,5,122,95
,Isaac Okoro,Cle,F-G,20.22,50,31.9,66.4,12.7,14.6,91,0.714,218,0.5,140,0.307,0.485,0.518,8.2,2.8,4.9,1.8,8,1.06,0.44,1.36,4.3,100.1,109.8
,KZ Okpala,Mia,F-G,21.97,27,12.3,25.6,10.9,14.9,6,0.333,29,0.552,37,0.297,0.492,0.488,2.5,1.9,8.7,0.4,5.1,0.22,0.3,0.44,4,95.3,100.2
,Victor Oladipo,Ind,G,28.95,9,33.3,69.3,26.7,9.7,37,0.73,83,0.47,69,0.362,0.503,0.535,20,5.7,9.4,4.2,19.1,1.67,0.22,2,9.4,104.5,106.9
,Victor Oladipo,Hou,G,28.95,20,33.5,69.7,29.9,10.9,83,0.783,228,0.465,153,0.32,0.471,0.508,21.2,4.8,7.6,5,25.5,1.2,0.5,2.55,9.5,100.2,110.7
,Victor Oladipo,Mia,G,28.95,4,27.8,57.9,26.3,21.6,18,0.667,26,0.462,17,0.235,0.419,0.471,12,3.5,7.1,3.5,19.4,1.75,0.5,3.5,7.6,85.4,99.8
,Kelly Olynyk,Mia,F-C,30,43,26.9,56,17.5,12.3,40,0.775,134,0.634,242,0.318,0.533,0.549,10,6.1,12.8,2.1,12,0.93,0.6,1.28,7.5,105,100.1
,Kelly Olynyk,Hou,F-C,30,12,30.1,62.8,20.3,12.8,33,0.848,76,0.75,60,0.417,0.695,0.721,18.1,7.9,14,2.7,15.1,1,0.75,1.83,9.7,129.3,105.6
,Royce O'Neale,Uta,F,27.87,55,31.9,66.5,9.2,16.4,42,0.857,84,0.571,213,0.376,0.566,0.59,6.8,6.9,11.4,2.5,10,0.76,0.49,1.13,6.1,119.6,101.8
,Miye Oni,Uta,G-F,23.7,40,8.9,18.6,11.4,13.7,6,0.833,9,0.444,70,0.343,0.506,0.521,2.1,1.7,9.9,0.4,5.1,0.15,0.18,0.33,5.1,106.7,99.4
,Cedi Osman,Cle,F,26.03,49,24.1,50.1,20.3,9.5,74,0.743,204,0.436,260,0.3,0.444,0.47,9.5,3.3,7.6,2.6,16.3,0.9,0.16,1.06,7.2,98.9,109.2
,Daniel Oturu,Lac,C,21.57,21,3.9,8.1,16.7,16.3,4,0.5,23,0.522,1,0,0.5,0.505,1.2,1,14.5,0.3,10,0.05,0.14,0.24,7.3,,
,Kelly Oubre Jr.,Gol,F-G,25.35,50,30.8,64.3,21.7,7.9,149,0.698,399,0.519,259,0.317,0.502,0.528,15.3,6,10.4,1.4,6.7,1.06,0.76,1.24,6.6,103,107.1
,Jabari Parker,Sac,F,26.09,3,9.1,19,15.7,30,0,0,6,0.667,1,0,0.571,0.571,2.7,2,12.2,0.3,4.9,0,0.33,1,5.2,82.7,106.6
,Eric Paschall,Gol,F,24.45,39,17.3,36.1,23.5,11,89,0.719,240,0.529,53,0.321,0.52,0.555,9.5,3.2,9.8,1.3,11.7,0.31,0.18,1.05,7.9,104.9,105.8
,Anzejs Pasecniks,Was,C-F,25.32,1,6.3,13.1,39.7,83.3,0,0,0,0,1,0,0,0,0,1,8.4,1,18.3,0,0,5,0,20.6,89.1
,Patrick Patterson,Lac,F,32.09,29,14,29.2,14.6,8.2,16,0.75,35,0.629,81,0.383,0.591,0.605,5.1,1.8,7.1,0.7,6.9,0.38,0.28,0.38,5.3,119.7,104.8
,Justin Patton,Hou,C,23.84,13,19,39.5,13.1,5.3,4,0.75,36,0.556,34,0.265,0.479,0.488,5.4,3.8,10.6,1.1,8.2,0.92,1.08,0.31,5.9,107.9,101.7
,Chris Paul,Pho,G,35.95,54,31.6,65.8,22,14,144,0.931,469,0.537,195,0.364,0.54,0.585,15.8,4.6,8.2,8.8,39.6,1.52,0.19,2.19,10.9,122.1,104.1
,Cameron Payne,Pho,G,26.69,44,17.2,35.9,18.5,14.5,37,0.892,146,0.521,108,0.407,0.559,0.586,7.2,2.3,7.4,3.8,29.8,0.61,0.2,1.05,9.3,119.1,102.6
,Gary Payton II,Gol,G,28.37,4,2.8,5.7,30.1,12.9,4,0.75,3,0.667,2,0.5,0.7,0.74,2.5,1.3,24.2,0,0,1,0.25,0.25,0,,
,Elfrid Payton,Nyk,G,27.15,48,25.9,54,23.3,12.5,99,0.697,445,0.479,85,0.282,0.47,0.494,11.8,3.8,7.8,3.5,21.7,0.73,0.19,1.71,8.3,102.2,105.1
,Norvel Pelle,Bro,C,28.2,3,9.3,19.3,15.6,30,0,0,7,0.429,0,0,0.429,0.429,2,2.3,14.1,0,0,0,1,1,0,75.7,83.2
,Norvel Pelle,Sac,C,28.2,1,3.8,7.9,31.1,0,4,0.75,1,0,0,0,0,0.543,3,1,14.6,1,29.6,0,0,0,15.2,,
,Norvel Pelle,Nyk,C,28.2,3,5.5,11.4,10.4,0,2,0.5,3,0.667,0,0,0.667,0.644,1.7,2,19.7,0,0,0.33,1,0,0,137.9,105
,Reggie Perry,Bro,F-C,21.07,21,9.5,19.7,20.5,14.9,13,0.769,54,0.5,20,0.2,0.446,0.477,3.6,3.1,18.6,0.7,9.5,0.29,0.29,0.67,8.4,101.5,95.3
,Theo Pinson,Nyk,G-F,25.45,14,2.2,4.6,14.3,10,0,0,1,1,8,0,0.111,0.111,0.1,0.1,3.5,0.1,4.2,0,0,0.07,1.8,,
,Mason Plumlee,Det,F-C,31.12,51,27,56.2,16.3,18.7,157,0.669,342,0.617,7,0,0.605,0.63,10.3,9.1,18.7,3.5,20.3,0.82,0.86,1.88,10.2,121,99.9
,Jakob Poeltl,San,C,25.51,54,26,54.3,13.4,16.1,93,0.419,324,0.623,0,0,0.623,0.607,8.2,8,16.3,1.8,9.8,0.61,1.65,1.3,7.5,121.3,105.3
,Vincent Poirier,Phi,C-F,27.5,10,3.9,8.1,19.3,17,6,0.333,11,0.273,1,0,0.25,0.273,0.8,1.3,18.3,0.2,6.6,0,0.3,0.3,6.1,,
,Aleksej Pokusevski,Okc,C,19.31,33,23.5,49,19.5,17.6,26,0.846,130,0.385,149,0.289,0.41,0.432,7.6,4.8,10.6,1.9,12,0.42,1,1.88,7,82.6,111
,Jordan Poole,Gol,G,21.83,35,17.9,37.4,24.6,9.4,63,0.905,130,0.554,170,0.347,0.535,0.577,10.8,1.4,4.2,2,17,0.49,0.11,0.97,7,109.3,108.1
,Kevin Porter Jr.,Hou,G-F,20.95,19,31.6,65.9,24.9,19.4,62,0.726,149,0.523,107,0.262,0.469,0.503,15,3.9,6.6,6.4,31.7,0.84,0.37,3.58,9.1,96.5,111.6
,Michael Porter Jr.,Den,F,22.8,46,30.6,63.8,20.9,7.6,99,0.768,318,0.629,260,0.427,0.634,0.651,17.6,7.7,14.4,1,4.7,0.63,0.93,1.11,6.7,124.8,108.2
,Otto Porter Jr.,Chi,F,27.87,25,21.6,45,19.4,10.3,37,0.838,107,0.477,95,0.4,0.535,0.566,9.9,5.5,14.2,2,12.9,0.48,0.16,1,8.8,113.8,108.4
,Otto Porter Jr.,Orl,F,27.87,3,22.2,46.2,17.7,0,5,1,16,0.5,9,0.111,0.38,0.441,8,4.7,11,1.7,11.3,1.33,0,0,7.2,101.4,106.2
,Jontay Porter,Mem,C-F,21.42,5,3.8,8,26.5,41.7,0,0,2,0.5,5,0.2,0.357,0.357,1,1.8,25.1,0.2,6.7,0.4,0,1,7.5,,
,Bobby Portis,Mil,F,26.18,51,21.5,44.9,20.3,8.1,48,0.75,344,0.541,123,0.472,0.585,0.596,11.4,7.3,17.7,1.2,7.7,0.78,0.37,0.84,8.6,119.9,102.5
,Kristaps Porzingis,Dal,F-C,25.71,36,31.2,65.1,27.4,7.3,118,0.847,364,0.549,227,0.366,0.549,0.582,20.8,9.4,16.4,1.6,8.4,0.42,1.58,1.42,8.7,115,104.9
,Dwight Powell,Dal,F-C,29.74,41,14.5,30.3,13.3,12.9,77,0.779,102,0.588,20,0.25,0.553,0.625,4.8,3.4,12.8,0.8,7.3,0.56,0.32,0.56,6.5,127.5,98.5
,Norman Powell,Tor,G,27.9,42,30.4,63.4,24.2,10.8,163,0.865,297,0.552,269,0.439,0.602,0.645,19.6,3,5.4,1.8,9.9,1.12,0.19,1.83,6.2,117.1,110
,Norman Powell,Por,G,27.9,11,33.2,69.3,21.2,10.5,48,0.833,80,0.5,60,0.383,0.532,0.587,17.2,3.4,5.4,1.6,7.3,1.55,0.55,1.73,5.5,113.6,113.6
,Taurean Prince,Bro,F,27.07,12,18.2,37.8,19.3,11.4,27,0.889,37,0.459,37,0.351,0.493,0.565,8.1,2.8,8.7,0.6,4.2,0.67,0.67,0.92,5.2,105.2,105.9
,Taurean Prince,Cle,G,27.07,26,24,50,20.1,11.8,46,0.826,127,0.378,106,0.425,0.496,0.531,10.3,3.9,9,2.5,15.7,0.65,0.58,1.31,7.7,105.2,109
,Payton Pritchard,Bos,G,23.22,50,18.7,39,15.9,12.5,26,0.885,128,0.492,161,0.404,0.555,0.572,6.9,2.2,6.6,1.9,13.7,0.54,0.14,0.86,6.6,113.9,108.1
,Immanuel Quickley,Nyk,G,21.83,52,19.2,40.1,26.5,7.7,145,0.897,241,0.394,250,0.376,0.481,0.543,11.6,2.3,6.3,2.1,17.2,0.48,0.21,0.88,8,112.3,103.1
,Jahmi'us Ramsey,Sac,G,19.86,5,3.4,7,15.3,16.7,0,0,2,1,3,0.333,0.7,0.7,1.4,0.8,13.2,0.2,8.4,0,0.2,0.2,7.1,,
,Chasson Randle,Orl,G,28.2,25,19.7,41.1,13.6,18.1,20,0.8,48,0.396,70,0.357,0.479,0.509,5.2,1.8,4.8,1.9,13.4,0.48,0.08,1.12,5.3,95.5,108.8
,Julius Randle,Nyk,F-C,26.38,56,37.2,77.5,28.7,14.3,328,0.799,728,0.484,288,0.41,0.521,0.569,23.6,10.6,15.4,6,27.6,0.89,0.27,3.45,12.3,110.7,99.9
,Cam Reddish,Atl,F-G,21.63,26,28.9,60.1,19.3,10.2,82,0.817,137,0.46,126,0.262,0.428,0.488,11.2,4,7.6,1.3,6.6,1.27,0.35,1.31,5.4,99,106.5
,JJ Redick,Nor,G,36.81,31,18.6,38.8,19.1,9.6,47,0.957,74,0.486,140,0.364,0.526,0.575,8.7,1.7,5,1.3,9.6,0.29,0.06,0.81,5.8,112.7,113.1
,JJ Redick,Dal,G,36.81,3,15.3,31.9,22.6,21.4,3,0.667,6,0.167,11,0.545,0.588,0.6,7.3,2,7.1,1,9.4,0.33,0,1.67,6.4,97.4,113
,Paul Reed,Phi,F,21.84,17,6.6,13.7,20.6,14.9,4,0.25,38,0.553,6,0,0.477,0.47,2.5,1.8,15.3,0.4,8.1,0.29,0.41,0.47,7.4,96.1,94.9
,Naz Reid,Min,C-F,21.64,55,19.3,40.3,22.2,9.8,138,0.732,313,0.588,133,0.338,0.564,0.596,11,4.6,12.8,1.1,9.2,0.55,1.07,1,7.9,114,104.8
,Cameron Reynolds,San,F,26.19,3,2.1,4.3,14,0,0,0,2,0.5,0,0,0.5,0.5,0.7,0,0,0,0,0,0,0,0,,
,Nick Richards,Cha,C,23.38,15,3.7,7.7,11.5,20.2,11,0.636,7,0.571,0,0,0.571,0.633,1,0.6,8.8,0.1,2.4,0,0,0.2,4.2,,
,Josh Richardson,Dal,G,27.59,45,31.9,66.6,17.7,10.8,89,0.91,255,0.525,217,0.318,0.503,0.544,12.4,3.6,6.1,2.8,12.6,0.91,0.42,1.38,6.3,109.9,109.2
,Grant Riller,Cha,G,24.19,3,3.4,7.1,12.6,0,0,0,1,0,2,0.5,0.5,0.5,1,0,0,0.7,26.7,0,0,0,0,,
,Austin Rivers,Nyk,G,28.71,21,21.1,43.9,16.3,13.5,14,0.714,58,0.517,77,0.364,0.533,0.545,7.3,2.2,5.7,2,14,0.57,0,1.05,6,105.4,105.6
,Andre Roberson,Bro,G-F,29.37,5,12.6,26.2,11.7,11.8,2,0.5,6,0.167,8,0.125,0.179,0.202,1.2,3,13.4,0.8,7.4,0.6,0.2,0.4,4.5,78.4,109.3
,Glenn Robinson III,Sac,F,27.27,23,16.1,33.5,13.9,9.2,23,0.913,55,0.473,44,0.364,0.505,0.554,5.3,2,6.8,0.9,7,0.17,0.13,0.48,5.3,112.1,117.6
,Duncan Robinson,Mia,F,26.99,56,32.1,66.9,16.2,10.4,59,0.847,77,0.623,475,0.408,0.614,0.63,13,3.6,6.3,1.8,8.6,0.54,0.27,1.2,5.5,111.7,106.7
,Jerome Robinson,Was,G,24.15,17,17.9,37.4,16.8,15.5,20,0.8,53,0.321,42,0.262,0.353,0.4,4.9,2.2,6.6,1.5,10.5,0.71,0.35,1.12,5.7,79.9,106.3
,Justin Robinson,Okc,G,23.51,6,12.1,25.1,12.6,4.7,5,0.6,5,0.6,13,0.308,0.5,0.52,3.5,1,4.3,1.3,15.6,0.33,0,0.17,5.5,116.5,108.2
,Mitchell Robinson,Nyk,C-F,23.04,31,27.5,57.3,11.7,11.5,53,0.491,176,0.653,0,0,0.653,0.642,8.3,8.1,15.9,0.5,3,1.13,1.45,0.84,4.7,129.6,99.3
,Isaiah Roby,Okc,F,23.2,46,23.5,49,17.5,19.2,93,0.71,240,0.55,76,0.329,0.536,0.567,8.8,5.7,12.5,1.8,11.8,0.8,0.67,1.85,7.6,103.6,103.3
,Rajon Rondo,Atl,G,35.15,27,14.9,31,16.2,26,2,0.5,65,0.415,45,0.378,0.477,0.478,3.9,2,7.5,3.5,32.6,0.7,0.07,1.44,8.1,97.4,108.9
,Rajon Rondo,Lac,G,35.15,7,18.5,38.6,18.7,25.6,6,1,22,0.5,16,0.438,0.566,0.603,7,2.3,7,5.1,37.6,0.86,0.14,2,9.4,117.6,102.5
,Derrick Rose,Det,G,32.53,15,22.8,47.4,30,12.3,50,0.84,145,0.455,39,0.333,0.465,0.517,14.2,1.9,4.7,4.2,32.6,1.2,0.27,1.93,8.5,104,111.4
,Derrick Rose,Nyk,G,32.53,21,24.9,51.8,24.2,9.4,43,0.86,187,0.444,53,0.358,0.465,0.502,12.4,2.4,5.2,3.8,25,0.95,0.57,1.29,7.8,106,109.1
,Terrence Ross,Orl,G-F,30.2,46,29.3,61,24.1,9.7,138,0.87,352,0.469,264,0.337,0.485,0.53,15.6,3.4,6.1,2.4,13.2,1.02,0.46,1.59,6.9,103.1,109.9
,Terry Rozier,Cha,G,27.09,52,33.9,70.6,24.1,10.3,151,0.828,395,0.537,427,0.4,0.57,0.598,20.4,4.2,6.7,3.7,17.5,1.29,0.38,1.96,8,114.2,111.2
,Ricky Rubio,Min,G,30.49,53,26.2,54.6,16.2,17.9,130,0.862,229,0.432,153,0.301,0.44,0.51,8.5,3.2,6.7,6.6,35,1.45,0.06,1.81,8.6,110.8,110.3
,D'Angelo Russell,Min,G,25.15,27,27.9,58.1,30.2,13.5,96,0.802,232,0.453,193,0.404,0.522,0.558,19.3,2.5,4.8,4.9,30.2,1,0.41,2.7,8.9,106,114.1
,Domantas Sabonis,Ind,F-C,24.95,52,35.8,74.5,24.3,16.5,297,0.731,615,0.567,135,0.296,0.545,0.588,19.9,11.5,17.8,6,25.2,1.12,0.56,3.35,12.4,113.7,103.5
,Luka Samanic,San,F,21.27,22,9.3,19.4,19.4,15.3,21,0.524,35,0.657,33,0.273,0.537,0.544,3.8,2.2,12.7,0.5,7.6,0.18,0.18,0.64,6.9,100,100.9
,JaKarr Sampson,Ind,F,28.08,20,7.7,16,19.8,9.9,20,0.7,47,0.511,8,0.25,0.491,0.533,3.4,2.1,15.1,0.1,0.9,0.1,0.35,0.35,4.6,105.6,101.2
,Dario Saric,Pho,F-C,27.03,37,17.9,37.3,23.6,12.2,73,0.863,167,0.527,109,0.367,0.536,0.583,9.7,4.2,13.2,1.3,10.6,0.57,0.08,1.16,8.4,111.5,100.2
,Tomas Satoransky,Chi,G,29.46,43,24,49.9,14.6,21.2,54,0.907,162,0.58,90,0.389,0.581,0.62,8,2.5,5.7,5.1,28.1,0.79,0.26,1.72,7.8,119.6,110.7
,Dennis Schroder,Lal,G,27.59,52,31.7,66.1,23,16.5,225,0.844,462,0.463,169,0.343,0.477,0.542,15.2,3.4,6,5.4,25.2,1.17,0.21,2.77,8.2,105.9,101.5
,Mike Scott,Phi,F,32.75,37,17.5,36.5,11.8,9.5,10,0.6,34,0.441,123,0.333,0.487,0.493,4.3,2.6,8.3,0.6,4.8,0.54,0.19,0.46,4.3,98,102.6
,Collin Sexton,Cle,G,22.28,46,35.8,74.5,28.8,10.9,279,0.817,645,0.518,201,0.363,0.524,0.575,24.2,2.8,4.4,4.1,20.8,1.15,0.09,2.59,7.3,111.3,111.1
,Landry Shamet,Bro,G,24.1,45,20.8,43.3,17.4,9.6,54,0.852,83,0.434,232,0.397,0.552,0.582,8.8,1.8,4.8,1.3,8,0.53,0.11,0.8,5.3,111.1,112.2
,Iman Shumpert,Bro,G,30.81,2,5.5,11.5,19.7,20,0,0,1,1,3,0,0.25,0.25,1,0.5,5.1,0,0,0.5,0,0.5,0,55.9,117.1
,Pascal Siakam,Tor,F,27.04,46,35.6,74.1,25.6,10.2,255,0.839,565,0.512,195,0.282,0.489,0.549,20.8,7.2,11.1,4.7,21.2,1.09,0.76,2.15,10,112.5,106.4
,Chris Silva,Mia,F,24.57,11,7.5,15.7,15.5,31.5,15,0.733,12,0.667,1,1,0.731,0.765,2.7,2.3,17,0.5,10.6,0.09,0.45,0.82,7.8,116.4,85.1
,Chris Silva,Sac,F,24.57,2,2,4.2,32.1,33.3,0,0,2,0.5,0,0,0.5,0.5,1,0.5,13.9,0,0,0,0,0.5,0,,
,Ben Simmons,Phi,G-F,24.74,48,33.3,69.3,20.8,20.5,265,0.615,491,0.55,10,0.3,0.548,0.576,14.8,7.6,12.6,7.1,31.4,1.6,0.65,3.31,11.1,111.6,99.5
,Anfernee Simons,Por,G,21.86,47,16.2,33.8,20.1,9.3,40,0.825,91,0.374,214,0.421,0.554,0.575,7.9,2.2,7.4,1.4,12.3,0.21,0.13,0.7,7.2,113.7,111.2
,Deividas Sirvydis,Det,F-G,20.85,13,2.7,5.7,23,10.7,4,0.75,3,0,12,0.333,0.4,0.447,1.2,0.6,12.5,0.2,8.2,0.08,0,0.15,7.8,,
,Alen Smailagic,Gol,F,20.66,7,5.1,10.7,17.5,0,4,0.25,8,0.5,5,0.4,0.538,0.508,2.1,0.9,8.9,0.1,4,0,0.43,0,4.5,110.3,100.7
,Marcus Smart,Bos,G,27.12,37,32.5,67.7,18.2,13,133,0.789,173,0.48,209,0.359,0.512,0.563,13.4,3.2,5.5,5.6,23.5,1.46,0.54,1.78,7.6,117.7,108.9
,Dennis Smith Jr.,Nyk,G,23.39,3,9.2,19.2,21.7,7.3,6,0.833,6,0.333,4,0,0.2,0.356,3,0.7,3.9,1,14.7,1,0,0.33,5.6,83.7,92.5
,Dennis Smith Jr.,Det,G,23.39,20,19.6,40.9,18.7,14.8,20,0.7,80,0.463,55,0.345,0.485,0.504,7.3,2.7,7.5,3.7,28.8,1,0.7,1.25,8.5,106.1,106.7
,Ish Smith,Was,G,32.78,27,20.2,42,15.6,13.7,19,0.526,142,0.437,26,0.346,0.449,0.456,6,3.3,8.7,4.2,28.3,0.67,0.22,1.04,8.6,102.5,111
,Jalen Smith,Pho,F-C,21.09,19,4.3,9,18.1,15,3,0.333,17,0.471,10,0.2,0.407,0.406,1.2,0.8,11,0.1,3.2,0,0.11,0.26,4.3,80.2,103.2
,Tony Snell,Atl,G,29.43,40,21,43.7,8.8,10.6,11,1,49,0.408,98,0.571,0.707,0.721,5.5,2.4,6.2,1.3,8.2,0.23,0.25,0.45,4.9,136.4,110.8
,Ray Spalding,Hou,F,24.1,2,9.4,19.5,18,38.1,2,0,3,0.667,1,0,0.5,0.41,2,2,11.4,0,0,0,1,1.5,0,60.2,103.1
,Cassius Stanley,Ind,G,21.66,15,2.6,5.3,24.9,4.5,5,0.8,13,0.308,6,0.167,0.289,0.354,1,0.7,14.4,0,0,0,0.13,0.07,0,,
,Lamar Stevens,Cle,F,23.77,38,12.8,26.7,16,12.3,51,0.725,110,0.518,25,0.16,0.467,0.518,4.3,2.5,10.8,0.6,7.3,0.45,0.34,0.58,5.8,102.8,105.1
,Isaiah Stewart,Det,F-C,19.9,54,20,41.6,14.4,14.1,60,0.65,252,0.595,27,0.407,0.597,0.609,6.9,6.2,17.3,0.9,6.9,0.5,1.04,0.93,6.8,118.9,101.2
,Max Strus,Mia,G-F,25.05,29,12.5,26,17.5,2.8,17,0.647,25,0.92,104,0.365,0.62,0.626,5.9,0.9,4.1,0.6,7.5,0.21,0.03,0.14,4.7,120.4,107.5
,Edmond Sumner,Ind,G,25.29,42,14.3,29.8,18.3,15.2,58,0.793,128,0.594,64,0.375,0.583,0.621,6.4,1.6,6.2,0.7,6.8,0.6,0.17,0.93,5.4,108.4,107.3
,Jae'Sean Tate,Hou,F,25.47,56,28.9,60.2,15.5,11.6,111,0.73,325,0.618,146,0.308,0.57,0.594,11,5.4,9.9,2.1,11,1.2,0.55,1.21,6.9,117.9,106.2
,Jayson Tatum,Bos,F-G,23.12,50,35.5,74,30.3,10.2,237,0.873,641,0.501,375,0.384,0.529,0.572,25.6,7.1,11.1,4.2,19.9,1.22,0.44,2.54,10.3,112.9,109.6
,Jeff Teague,Bos,G,32.85,34,18.1,37.8,17.8,15.4,61,0.836,132,0.394,56,0.464,0.484,0.542,6.9,1.7,5.2,2.1,16.1,0.76,0.21,1.15,6.4,107.4,110
,Jeff Teague,Mil,G,32.85,8,18.4,38.4,15.9,10.8,20,0.9,29,0.552,12,0.333,0.537,0.622,7.8,1.4,3.9,3.5,24.1,0.13,0.38,0.75,7.3,132.6,111.7
,Garrett Temple,Chi,G-F,34.94,39,26.6,55.4,13.4,11.7,38,0.816,128,0.523,141,0.333,0.511,0.535,7.8,2.9,6.1,2,9.7,0.9,0.46,0.97,5.4,106.5,108.5
,Tyrell Terry,Dal,G,20.55,11,5.1,10.7,15.2,10.4,3,0.333,9,0.556,7,0,0.313,0.318,1,0.5,5.8,0.5,14.1,0.45,0,0.18,4.9,74.7,109.6
,Daniel Theis,Bos,F-C,29.03,42,24.5,50.9,15.1,11.4,67,0.687,193,0.653,95,0.347,0.609,0.625,9.5,5.2,12,1.6,9.2,0.6,1.02,0.98,7,122,103.3
,Daniel Theis,Chi,F,29.03,10,22.8,47.4,17.5,11.9,22,0.545,50,0.7,22,0.227,0.59,0.594,9.7,4.8,11.7,2,12.4,0.5,0.6,1.1,8,115.4,109.7
,Brodric Thomas,Hou,G,24.22,4,6.1,12.6,24.8,28.4,7,0.714,1,1,6,0.167,0.357,0.496,2.5,1,8.8,1,22.7,0.25,0.25,1,8.9,88.2,95.2
,Brodric Thomas,Cle,G,24.22,14,9.7,20.2,18,14.3,16,0.813,21,0.381,20,0.2,0.341,0.427,2.9,1,5.7,0.7,10.3,0.43,0.29,0.57,5.2,86.7,107.1
,Isaiah Thomas,Nor,G,32.19,3,16.1,33.5,29.8,17.7,2,1,15,0.4,12,0.25,0.389,0.412,7.7,1.3,4.6,1.7,15,0.33,0,2,6.4,78.3,113.5
,Matt Thomas,Tor,G,26.7,26,7.4,15.4,16,8.4,7,0.857,21,0.333,41,0.415,0.524,0.545,2.7,0.8,6,0.3,6.7,0.08,0,0.23,4.7,105.7,114.2
,Matt Thomas,Uta,G,26.7,6,9.1,18.9,23.6,13.3,0,0,6,0.667,20,0.15,0.327,0.327,2.8,1.5,8.7,0.8,12.6,0.17,0,0.67,6.6,71.4,104.4
,Tristan Thompson,Bos,C-F,30.1,41,22.6,47,15.6,12,96,0.604,249,0.542,3,0,0.536,0.557,8,8.2,20.2,1.1,6.8,0.37,0.46,0.98,7.4,118.4,104.5
,Sindarius Thornwell,Nor,G,26.42,14,5.2,10.9,15,15.5,2,0,12,0.333,9,0.333,0.405,0.388,1.2,0.4,3.8,0.3,7,0.36,0.07,0.29,4,76.3,112.8
,Matisse Thybulle,Phi,G-F,24.12,53,19.4,40.5,9,10.2,16,0.5,73,0.575,114,0.307,0.505,0.508,3.7,1.9,5.3,0.9,5.9,1.49,1,0.42,3.8,105.3,99.3
,Killian Tillie,Mem,F-C,23.12,11,9.9,20.6,15.6,2.5,5,0.8,14,0.357,23,0.217,0.338,0.37,2.6,1.4,7.3,0.4,4.6,0.45,0.55,0.09,4.6,90.2,102.5
,Xavier Tillman,Mem,F,22.26,44,18.2,38,14.2,11.5,42,0.69,170,0.606,50,0.3,0.57,0.587,6.4,4.1,11.9,1.3,9.7,0.77,0.57,0.7,7.1,117.1,101.4
,Obi Toppin,Nyk,F,23.12,47,11.3,23.6,15.9,10.9,22,0.727,97,0.619,65,0.277,0.537,0.553,4,2.2,10.5,0.5,6.5,0.26,0.23,0.45,5.8,106.9,102.4
,Juan Toscano-Anderson,Gol,F,28.02,39,18,37.4,11,20,23,0.739,77,0.688,57,0.439,0.675,0.687,5.1,3.8,11.3,2.2,16.5,0.62,0.44,0.92,7.8,123.1,102.6
,Axel Toupane,Mil,G-F,20,8,7.7,15.9,9.6,0,7,0.714,9,0.333,2,0.5,0.409,0.497,1.8,0.8,5.1,0.5,7.6,0.25,0.38,0,4.7,118.8,104.5
,Karl-Anthony Towns,Min,C-F,25.42,35,34.4,71.8,28.6,13.8,202,0.871,404,0.545,214,0.402,0.565,0.618,25,11,17.3,4.6,23.1,0.71,1.43,3.23,12.6,116.4,106.4
,Gary Trent Jr.,Por,G-F,22.24,41,30.8,64.1,20.1,5.3,75,0.773,219,0.438,305,0.397,0.53,0.55,15,2.2,3.9,1.4,6.9,0.9,0.15,0.76,4.7,112.2,117.3
,Gary Trent Jr.,Tor,G-F,22.24,11,33.7,70.1,21.3,4.9,16,0.813,87,0.506,80,0.375,0.533,0.549,17.4,3.5,5.6,1.6,7.7,0.91,0.18,0.82,5.5,106.5,113.1
,P.J. Tucker,Hou,F,35.95,32,30,62.4,7.7,19,23,0.783,45,0.467,86,0.314,0.469,0.5,4.4,4.6,8.2,1.4,6.2,0.88,0.56,1.03,4.1,98.8,108.3
,P.J. Tucker,Mil,F,35.95,5,14,29.1,4.8,0,0,0,1,1,7,0.429,0.688,0.688,2.2,2.4,9,0.6,5,0.2,0.4,0,4.2,160.3,111.2
,Rayjon Tucker,Phi,G,23.56,8,3.8,7.9,13.5,10.5,8,1,3,0.333,2,0.5,0.5,0.763,1.6,0.8,10.9,0.3,8.4,0,0,0.13,7.7,,
,Myles Turner,Ind,C-F,25.06,46,30.9,64.4,16.6,12,136,0.787,222,0.613,201,0.338,0.563,0.604,12.7,6.4,11.4,1,4.4,0.87,3.46,1.43,5.6,111.9,103.9
,Jonas Valanciunas,Mem,C,28.95,49,28.1,58.5,23.1,11,165,0.77,550,0.598,46,0.348,0.592,0.623,17,12.6,24,1.8,10.2,0.53,0.73,1.69,10.4,122.9,100.5
,Denzel Valentine,Chi,G,27.42,48,17.5,36.4,19,8.6,11,1,139,0.446,196,0.337,0.481,0.49,6.9,3.5,11.2,1.7,13.1,0.54,0.04,0.67,7.9,101.3,109.3
,Jarred Vanderbilt,Min,F,22.04,49,17.4,36.3,12.9,18.3,90,0.567,170,0.612,4,0.25,0.606,0.613,5.3,5.4,16.9,1.3,10.8,0.96,0.71,0.98,7.7,116.7,104.1
,Fred VanVleet,Tor,G,27.14,45,36.1,75.2,23.9,9.8,174,0.885,334,0.422,402,0.366,0.491,0.54,19.5,4.2,6.3,6.1,26.1,1.71,0.8,1.96,8.8,112.2,110.2
,Devin Vassell,San,G-F,20.65,44,16.5,34.4,13.5,7.5,33,0.879,97,0.402,97,0.392,0.495,0.53,5,2.8,8.8,0.9,7.3,0.84,0.27,0.39,5.6,108.3,105.1
,Gabe Vincent,Mia,G,24.84,39,13.7,28.6,19.5,12.1,23,0.87,69,0.536,125,0.288,0.469,0.495,5.2,1.1,4.5,1.4,15,0.44,0.05,0.72,5.8,96.6,101.9
,Noah Vonleh,Bro,F,25.65,4,2.7,5.6,20.1,40,0,0,1,0,2,0,0,0,0,0.3,5.2,0.3,10.3,0,0,0.5,0,,
,Nikola Vucevic,Orl,C,30.48,44,34.1,71,30,8,110,0.827,620,0.515,288,0.406,0.545,0.565,24.5,11.8,18,3.8,21.8,0.95,0.64,1.89,12.1,112,107.2
,Nikola Vucevic,Chi,C,30.48,12,32,66.7,27.4,5.7,28,0.857,155,0.516,64,0.453,0.564,0.586,22.6,10.3,17.8,3.5,18.3,1,1,1.17,11.7,119.8,105.9
,Dean Wade,Cle,F-C,24.4,47,17.1,35.6,13,7.5,21,0.762,69,0.565,144,0.375,0.563,0.576,5.4,3.1,10,1.1,9.6,0.43,0.38,0.38,6.2,116.9,109.9
,Moritz Wagner,Was,F-C,23.98,25,15,31.3,18.4,12.7,52,0.788,80,0.613,42,0.31,0.561,0.614,7.1,2.9,10.3,1.3,12.1,0.88,0.32,0.84,8,116,97.3
,Moritz Wagner,Bos,F-C,23.98,9,6.8,14.1,16.9,37.7,2,0.5,8,0.25,6,0.333,0.357,0.37,1.2,2.1,17.4,0.7,12.4,0,0.11,1,7.1,65.4,96.6
,Lonnie Walker IV,San,G-F,22.34,42,25.3,52.8,20.1,9,55,0.8,227,0.485,196,0.357,0.508,0.53,11.3,2.6,5.5,1.6,9.1,0.5,0.33,1.05,5.7,101.2,109.6
,Kemba Walker,Bos,G,30.94,36,31.2,65,25.5,11.2,106,0.943,258,0.461,285,0.344,0.49,0.536,17.6,3.8,6.8,5.1,24.5,1.08,0.28,2.06,9,110.3,112.5
,John Wall,Hou,G,30.61,37,32.1,66.9,31.8,14.7,192,0.734,439,0.446,232,0.328,0.462,0.504,20.6,3.2,5.3,6.8,36,1.08,0.78,3.51,9.5,99.2,115.3
,Brad Wanamaker,Gol,G,31.73,39,16,33.4,16,15.8,56,0.893,112,0.429,61,0.213,0.39,0.468,4.7,1.7,5.6,2.5,20.9,0.67,0.15,0.95,6.8,99.1,106.8
,Brad Wanamaker,Cha,G,31.73,10,19.9,41.4,20.5,20.1,22,0.818,48,0.5,18,0.167,0.432,0.496,7.5,1.7,4.7,3.8,27.5,0.7,0.2,1.9,7.3,99.3,107.7
,T.J. Warren,Ind,F,27.61,4,29.4,61.1,21.7,6.7,10,0.8,44,0.614,7,0,0.529,0.56,15.5,3.5,6.6,1.3,6.6,0.5,0,1,5.6,107.2,104.2
,P.J. Washington,Cha,F,22.65,48,29.4,61.3,18.9,16.6,115,0.791,287,0.46,181,0.37,0.497,0.536,11.6,6.4,11.8,2.7,13.3,1,1.29,2.15,8,102.3,105.2
,Yuta Watanabe,Tor,G-F,26.51,38,12.9,27,12.4,9.9,19,0.842,61,0.492,58,0.397,0.542,0.569,3.8,3.2,13.8,0.6,6.8,0.53,0.45,0.37,6,116.7,105.6
,Tremont Waters,Bos,G,23.27,16,7.2,15.1,21.3,24.4,12,0.917,21,0.286,17,0.353,0.395,0.474,2.6,0.6,4.8,2.2,39.8,0.56,0,0.88,8.4,102.1,109.2
,Paul Watson,Tor,G,26.3,26,10.6,22,13.1,9.6,8,0.625,14,0.571,58,0.517,0.736,0.735,4.3,1.6,8.2,0.5,6.3,0.19,0.12,0.31,5.7,129.8,104
,Quinndary Weatherspoon,San,G,24.6,15,4.7,9.7,16.5,30.2,8,0.875,13,0.385,2,0,0.333,0.459,1.1,0.4,4.6,0.3,9.1,0.33,0.13,0.53,4.3,77.1,98.2
,Russell Westbrook,Was,G,32.43,48,35.5,74,31.4,18.7,308,0.627,708,0.479,202,0.312,0.476,0.507,22.1,10.9,16.2,10.8,48,1.23,0.38,5,15.5,101.2,105.4
,Coby White,Chi,G,21.17,52,30.6,63.7,22.3,13.8,103,0.913,349,0.473,318,0.343,0.493,0.527,14.4,4.2,7.6,4.4,20.3,0.52,0.15,2.19,8.4,103.6,109
,Derrick White,San,G,26.79,30,29.6,61.6,22.2,9.1,93,0.849,174,0.477,197,0.34,0.495,0.541,14.9,2.7,4.9,3.3,16,0.73,1.07,1.37,6.9,107.7,107.6
,Hassan Whiteside,Sac,C,31.84,33,14.9,31,23.4,13.1,75,0.52,199,0.568,1,0,0.565,0.569,8,5.9,22.1,0.6,6.2,0.24,1.39,1.06,8.2,107.9,104.5
,Greg Whittington,Den,F,28.19,4,3,6.3,10.9,0,0,0,1,0,2,0,0,0,0,0,0,0,0,0,0,0,0,,
,Andrew Wiggins,Gol,F,26.15,56,32.6,67.8,23.3,10.4,190,0.695,516,0.525,292,0.387,0.545,0.568,18.1,4.8,7.8,2.4,11.2,0.95,0.95,1.84,7.3,106,109.1
,Robert Williams III,Bos,C-F,23.5,47,18.9,39.4,15.3,15.2,65,0.646,237,0.726,2,0,0.72,0.721,8.2,7,20.6,1.8,14,0.83,1.81,1.02,9.9,137.6,100.3
,Grant Williams,Bos,F,22.38,48,18.6,38.7,11.3,18,36,0.528,82,0.5,94,0.383,0.54,0.545,4.4,2.9,8.8,1,6.9,0.56,0.35,0.88,5,103.9,101.6
,Kenrich Williams,Okc,G-F,26.37,56,20.8,43.3,14.8,14,48,0.563,233,0.562,91,0.429,0.585,0.588,7.3,4.2,10.4,2.2,16.1,0.75,0.21,1,7.8,115.8,105.5
,Lou Williams,Lac,G,34.47,42,21.9,45.5,26.5,12,119,0.866,311,0.437,119,0.378,0.473,0.529,12.1,2.1,5.4,3.4,23.1,0.93,0.1,1.57,8.1,107.9,110.8
,Lou Williams,Atl,G,34.47,9,23.9,49.8,23.1,11.4,14,0.857,72,0.403,23,0.478,0.479,0.509,11.4,1.6,3.6,3.6,22.9,0.56,0.11,1.44,6.8,104.5,115.6
,Zion Williamson,Nor,F,20.78,51,32.9,68.5,29.8,11.5,438,0.699,823,0.625,27,0.333,0.621,0.653,26.7,7.1,12,3.6,19.7,0.9,0.71,2.65,10.7,124.3,110.3
,Patrick Williams,Chi,F,19.64,54,28.5,59.4,14.6,13.9,89,0.764,302,0.51,110,0.382,0.527,0.556,9.3,4.7,9.2,1.3,6,0.91,0.65,1.35,5.4,104.2,109.3
,D.J. Wilson,Mil,F,25.16,12,8.7,18.2,19.2,8.4,2,0.5,15,0.4,28,0.357,0.488,0.49,3.6,2.1,12.5,0.3,3.7,0.08,0.33,0.33,6,96.2,100.3
,D.J. Wilson,Hou,F-C,25.16,15,11.9,24.9,19.7,13.3,13,0.615,33,0.485,33,0.364,0.515,0.53,5.1,3.1,13.7,0.5,6,0.33,0.53,0.73,6.7,97.3,103.3
,Dylan Windler,Cle,G-F,24.57,31,16.5,34.5,14.9,18.3,27,0.778,53,0.585,78,0.333,0.534,0.563,5.2,3.5,11.6,1.1,9.3,0.61,0.39,1.03,6.6,102,107.9
,Justise Winslow,Mem,F-G,25.06,16,21,43.8,22.3,14,16,0.563,105,0.429,41,0.122,0.36,0.372,7.1,4.8,12.2,1.8,11.2,0.75,0.44,1.56,7.5,77.2,103.2
,Cassius Winston,Was,G,23.13,15,5.7,11.9,14.4,3.4,6,0.833,11,0.273,15,0.467,0.519,0.559,2.1,0.6,5.6,0.7,15.5,0.13,0.07,0.07,6.7,121.2,108.3
,James Wiseman,Gol,C,20.05,39,21.4,44.7,23.8,12.9,86,0.628,330,0.542,38,0.316,0.535,0.552,11.5,5.8,14.4,0.7,5,0.28,0.92,1.54,6.7,99.4,98.8
,Robert Woodard II,Sac,F,21.57,11,2.6,5.4,27.7,5.4,8,0.375,10,0.6,4,0.25,0.536,0.514,1.6,1,21.2,0,0,0,0.18,0.09,0,,
,Christian Wood,Hou,F,25.55,33,31.7,66,25.7,9.4,150,0.647,354,0.596,152,0.382,0.589,0.606,21,9.4,15.7,1.5,8.8,0.85,1.24,1.79,8.4,112.9,108.3
,Delon Wright,Det,G,28.97,36,29.2,60.9,15.8,12.6,90,0.789,204,0.515,89,0.348,0.517,0.562,10.4,4.6,8.8,5,25.8,1.58,0.53,1.33,8.5,119.2,110.6
,Delon Wright,Sac,G,28.97,11,20.3,42.3,16.2,10.7,17,0.882,45,0.444,23,0.391,0.493,0.543,7.5,2.5,6.9,1.9,12.4,1.09,0,0.82,6.5,111.9,118
,Thaddeus Young,Chi,F,32.82,51,24.6,51.3,21.5,16.1,79,0.62,464,0.599,29,0.241,0.585,0.593,12.3,6.3,14.2,4.2,26.2,1.14,0.59,1.98,11.2,117.2,104.7
,Trae Young,Atl,G,22.58,51,34.3,71.5,32.9,16.6,445,0.87,581,0.472,327,0.358,0.495,0.583,25.2,3.9,6.3,9.5,45.1,0.8,0.2,4.31,11.4,115.3,112
,Cody Zeller,Cha,F-C,28.53,35,21.4,44.6,17.7,11.3,79,0.734,215,0.586,24,0.125,0.546,0.583,9.1,7.2,18.4,2,14.2,0.66,0.4,1,9.5,122.4,102
,Ivica Zubac,Lac,C,24.08,58,22.2,46.1,15,14.7,136,0.809,309,0.657,3,0,0.651,0.694,8.9,7.3,18.7,1.2,7.5,0.4,0.86,1.1,7.7,135.5,101.1
,Anthony Tolliver,Phi,F,35.88,1,14.1,29.4,9.1,33.3,0,0,0,0,2,0,0,0,0,2,7.8,1,8.3,0,1,1,0,20.6,105.5
,Shaquille Harrison,Den,G,27.53,1,3.2,6.7,27.3,0,0,0,2,0.5,0,0,0.5,0.5,2,0,0,0,0,0,0,0,0,,
